variant,train_oof_mae,final_train_oof_mae,heldout_mae,final_heldout_mae,heldout_gain_vs_final,improved_rate_vs_final,mean_prediction_shift_vs_final,meta_json
gain_hgb6_x_family_cap_gamma,32.754310697547496,32.796417788517424,31.700814657730024,31.77026365632957,0.06944899859954341,0.43148996125396266,-0.797478688058435,"{""edges"": [-8.501954421212696, -0.10530280627960992, 0.00880054793541582, 0.062228626889188246, 0.1641610557585274, 0.45216378051017503, 9.487355324210593], ""k"": 6, ""min_n"": 120, ""n_params"": 37, ""params"": {""__GLOBAL__"": {""cap"": 12.0, ""gamma"": 1.0}, ""gain_hgb6_0|AF/PVI ablation"": {""cap"": 12.0, ""gamma"": 1.05}, ""gain_hgb6_0|Device implant"": {""cap"": 4.0, ""gamma"": 0.8500000000000001}, ""gain_hgb6_0|Device revision-generator-upgrade"": {""cap"": 20.0, ""gamma"": 0.8500000000000001}, ""gain_hgb6_0|Diagnostic/testing"": {""cap"": 8.0, ""gamma"": 0.05}, ""gain_hgb6_0|Other"": {""cap"": 12.0, ""gamma"": 0.45}, ""gain_hgb6_0|Other ablation"": {""cap"": 4.0, ""gamma"": 1.35}, ""gain_hgb6_0|VT/PVC ablation"": {""cap"": 8.0, ""gamma"": 2.5}, ""gain_hgb6_1|AF/PVI ablation"": {""cap"": 10.0, ""gamma"": 1.55}, ""gain_hgb6_1|Device implant"": {""cap"": 4.0, ""gamma"": 0.0}, ""gain_hgb6_1|Device revision-generator-upgrade"": {""cap"": 4.0, ""gamma"": 0.8}, ""gain_hgb6_1|Diagnostic/testing"": {""cap"": 4.0, ""gamma"": 0.0}, ""gain_hgb6_1|Other ablation"": {""cap"": 6.0, ""gamma"": 1.2000000000000002}, ""gain_hgb6_1|VT/PVC ablation"": {""cap"": 4.0, ""gamma"": 2.5}, ""gain_hgb6_2|AF/PVI ablation"": {""cap"": 10.0, ""gamma"": 1.2000000000000002}, ""gain_hgb6_2|Device implant"": {""cap"": 4.0, ""gamma"": 2.4000000000000004}, ""gain_hgb6_2|Device revision-generator-upgrade"": {""cap"": 4.0, ""gamma"": 0.0}, ""gain_hgb6_2|Diagnostic/testing"": {""cap"": 4.0, ""gamma"": 0.0}, ""gain_hgb6_2|Other ablation"": {""cap"": 6.0, ""gamma"": 1.6}, ""gain_hgb6_2|VT/PVC ablation"": {""cap"": 4.0, ""gamma"": 0.0}, ""gain_hgb6_3|AF/PVI ablation"": {""cap"": 8.0, ""gamma"": 1.1}, ""gain_hgb6_3|Device implant"": {""cap"": 4.0, ""gamma"": 1.1500000000000001}, ""gain_hgb6_3|Device revision-generator-upgrade"": {""cap"": 12.0, ""gamma"": 1.4000000000000001}, ""gain_hgb6_3|Diagnostic/testing"": {""cap"": 4.0, ""gamma"": 2.5}, ""gain_hgb6_3|Other ablation"": {""cap"": 4.0, ""gamma"": 0.0}, ""gain_hgb6_4|AF/PVI ablation"": {""cap"": 10.0, ""gamma"": 2.0500000000000003}, ""gain_hgb6_4|Device implant"": {""cap"": 15.0, ""gamma"": 1.1500000000000001}, ""gain_hgb6_4|Device revision-generator-upgrade"": {""cap"": 4.0, ""gamma"": 1.55}, ""gain_hgb6_4|Diagnostic/testing"": {""cap"": 4.0, ""gamma"": 0.0}, ""gain_hgb6_4|Other ablation"": {""cap"": 10.0, ""gamma"": 1.1500000000000001}, ""gain_hgb6_4|VT/PVC ablation"": {""cap"": 6.0, ""gamma"": 2.5}, ""gain_hgb6_5|AF/PVI ablation"": {""cap"": 15.0, ""gamma"": 2.0}, ""gain_hgb6_5|Device implant"": {""cap"": 12.0, ""gamma"": 0.45}, ""gain_hgb6_5|Device revision-generator-upgrade"": {""cap"": 15.0, ""gamma"": 0.75}, ""gain_hgb6_5|Diagnostic/testing"": {""cap"": 8.0, ""gamma"": 0.8500000000000001}, ""gain_hgb6_5|Other ablation"": {""cap"": 4.0, ""gamma"": 1.75}, ""gain_hgb6_5|VT/PVC ablation"": {""cap"": 10.0, ""gamma"": 2.5}}, ""prefix"": ""gain_hgb6"", ""score_full_oof_corr_target"": 0.06293653092058399, ""score_outer_corr_target"": 0.08225073862060059, ""selection"": ""strict nested score bins + outer GroupKFold category tuning""}"
signed_resid_hgb4_x_family_cap_gamma,32.75519882852213,32.796417788517424,31.684936333671114,31.77026365632957,0.08532732265845262,0.46565692145121523,-0.5876884345547416,"{""edges"": [-36.394729312286685, 0.7998021286356419, 3.379415645436214, 7.359010933569259, 126.66865975908695], ""k"": 4, ""min_n"": 120, ""n_params"": 25, ""params"": {""__GLOBAL__"": {""cap"": 12.0, ""gamma"": 1.0}, ""signed_resid_hgb4_0|AF/PVI ablation"": {""cap"": 15.0, ""gamma"": 1.3}, ""signed_resid_hgb4_0|Device implant"": {""cap"": 15.0, ""gamma"": 0.4}, ""signed_resid_hgb4_0|Device revision-generator-upgrade"": {""cap"": 15.0, ""gamma"": 0.75}, ""signed_resid_hgb4_0|Diagnostic/testing"": {""cap"": 8.0, ""gamma"": 0.25}, ""signed_resid_hgb4_0|Other"": {""cap"": 10.0, ""gamma"": 0.2}, ""signed_resid_hgb4_0|Other ablation"": {""cap"": 6.0, ""gamma"": 1.0}, ""signed_resid_hgb4_0|VT/PVC ablation"": {""cap"": 12.0, ""gamma"": 2.5}, ""signed_resid_hgb4_1|AF/PVI ablation"": {""cap"": 15.0, ""gamma"": 1.05}, ""signed_resid_hgb4_1|Device implant"": {""cap"": 4.0, ""gamma"": 0.55}, ""signed_resid_hgb4_1|Device revision-generator-upgrade"": {""cap"": 12.0, ""gamma"": 1.1}, ""signed_resid_hgb4_1|Diagnostic/testing"": {""cap"": 8.0, ""gamma"": 0.25}, ""signed_resid_hgb4_1|Other"": {""cap"": 4.0, ""gamma"": 0.65}, ""signed_resid_hgb4_1|Other ablation"": {""cap"": 4.0, ""gamma"": 1.35}, ""signed_resid_hgb4_2|AF/PVI ablation"": {""cap"": 8.0, ""gamma"": 1.7000000000000002}, ""signed_resid_hgb4_2|Device implant"": {""cap"": 4.0, ""gamma"": 1.4000000000000001}, ""signed_resid_hgb4_2|Device revision-generator-upgrade"": {""cap"": 20.0, ""gamma"": 0.6000000000000001}, ""signed_resid_hgb4_2|Diagnostic/testing"": {""cap"": 8.0, ""gamma"": 1.1}, ""signed_resid_hgb4_2|Other ablation"": {""cap"": 8.0, ""gamma"": 0.15000000000000002}, ""signed_resid_hgb4_2|VT/PVC ablation"": {""cap"": 8.0, ""gamma"": 2.5}, ""signed_resid_hgb4_3|AF/PVI ablation"": {""cap"": 15.0, ""gamma"": 2.25}, ""signed_resid_hgb4_3|Device implant"": {""cap"": 6.0, ""gamma"": 1.05}, ""signed_resid_hgb4_3|Device revision-generator-upgrade"": {""cap"": 4.0, ""gamma"": 0.8500000000000001}, ""signed_resid_hgb4_3|Other ablation"": {""cap"": 4.0, ""gamma"": 2.5}, ""signed_resid_hgb4_3|VT/PVC ablation"": {""cap"": 6.0, ""gamma"": 2.5}}, ""prefix"": ""signed_resid_hgb4"", ""score_full_oof_corr_target"": 0.11299593581566095, ""score_outer_corr_target"": 0.07925917720932729, ""selection"": ""strict nested score bins + outer GroupKFold category tuning""}"
tail30_hgb4_x_family_cap_gamma,32.75711007822889,32.796417788517424,31.628807776841686,31.77026365632957,0.14145587948788804,0.5220147939415287,-0.7220186638972933,"{""edges"": [0.0, 3.669633042611258], ""k"": 4, ""min_n"": 120, ""n_params"": 10, ""params"": {""__GLOBAL__"": {""cap"": 12.0, ""gamma"": 1.0}, ""tail30_hgb4_all|AF/PVI ablation"": {""cap"": 15.0, ""gamma"": 1.7000000000000002}, ""tail30_hgb4_all|Device implant"": {""cap"": 4.0, ""gamma"": 0.9500000000000001}, ""tail30_hgb4_all|Device revision-generator-upgrade"": {""cap"": 20.0, ""gamma"": 0.8}, ""tail30_hgb4_all|Diagnostic/testing"": {""cap"": 8.0, ""gamma"": 0.4}, ""tail30_hgb4_all|LAA closure"": {""cap"": 4.0, ""gamma"": 1.4000000000000001}, ""tail30_hgb4_all|Lead/device extraction-removal"": {""cap"": 4.0, ""gamma"": 2.5}, ""tail30_hgb4_all|Other"": {""cap"": 4.0, ""gamma"": 0.5}, ""tail30_hgb4_all|Other ablation"": {""cap"": 4.0, ""gamma"": 1.4500000000000002}, ""tail30_hgb4_all|VT/PVC ablation"": {""cap"": 10.0, ""gamma"": 2.5}}, ""prefix"": ""tail30_hgb4"", ""score_full_oof_corr_target"": 0.02789071966324177, ""score_outer_corr_target"": 0.03176316717680254, ""selection"": ""strict nested score bins + outer GroupKFold category tuning""}"
family_cap_gamma,32.75711007822889,32.796417788517424,31.628807776841686,31.77026365632957,0.14145587948788804,0.5220147939415287,-0.7220186638972933,"{""min_n"": 80, ""n_params"": 10, ""params"": {""AF/PVI ablation"": {""cap"": 15.0, ""gamma"": 1.7000000000000002}, ""Device implant"": {""cap"": 4.0, ""gamma"": 0.9500000000000001}, ""Device revision-generator-upgrade"": {""cap"": 20.0, ""gamma"": 0.8}, ""Diagnostic/testing"": {""cap"": 8.0, ""gamma"": 0.4}, ""LAA closure"": {""cap"": 4.0, ""gamma"": 1.4000000000000001}, ""Lead/device extraction-removal"": {""cap"": 4.0, ""gamma"": 2.5}, ""Other"": {""cap"": 4.0, ""gamma"": 0.5}, ""Other ablation"": {""cap"": 4.0, ""gamma"": 1.4500000000000002}, ""VT/PVC ablation"": {""cap"": 10.0, ""gamma"": 2.5}, ""__GLOBAL__"": {""cap"": 12.0, ""gamma"": 1.0}}, ""selection"": ""outer GroupKFold category tuning""}"
blend_procedure_family_gamma_positive__tail30_hgb6_x_family_cap_gamma,32.75711007822889,32.796417788517424,31.628807776841686,31.77026365632957,0.14145587948788804,0.5220147939415287,-0.7220186638972933,"{""first"": ""procedure_family_gamma_positive"", ""second"": ""tail30_hgb6_x_family_cap_gamma"", ""selection"": ""OOF-tuned two-way convex blend"", ""weight_on_second"": 1.0}"
tail30_hgb8_x_family_cap_gamma,32.75711007822889,32.796417788517424,31.628807776841686,31.77026365632957,0.14145587948788804,0.5220147939415287,-0.7220186638972933,"{""edges"": [0.0, 3.669633042611258], ""k"": 8, ""min_n"": 120, ""n_params"": 10, ""params"": {""__GLOBAL__"": {""cap"": 12.0, ""gamma"": 1.0}, ""tail30_hgb8_all|AF/PVI ablation"": {""cap"": 15.0, ""gamma"": 1.7000000000000002}, ""tail30_hgb8_all|Device implant"": {""cap"": 4.0, ""gamma"": 0.9500000000000001}, ""tail30_hgb8_all|Device revision-generator-upgrade"": {""cap"": 20.0, ""gamma"": 0.8}, ""tail30_hgb8_all|Diagnostic/testing"": {""cap"": 8.0, ""gamma"": 0.4}, ""tail30_hgb8_all|LAA closure"": {""cap"": 4.0, ""gamma"": 1.4000000000000001}, ""tail30_hgb8_all|Lead/device extraction-removal"": {""cap"": 4.0, ""gamma"": 2.5}, ""tail30_hgb8_all|Other"": {""cap"": 4.0, ""gamma"": 0.5}, ""tail30_hgb8_all|Other ablation"": {""cap"": 4.0, ""gamma"": 1.4500000000000002}, ""tail30_hgb8_all|VT/PVC ablation"": {""cap"": 10.0, ""gamma"": 2.5}}, ""prefix"": ""tail30_hgb8"", ""score_full_oof_corr_target"": 0.02789071966324177, ""score_outer_corr_target"": 0.03176316717680254, ""selection"": ""strict nested score bins + outer GroupKFold category tuning""}"
tail30_hgb6_x_family_cap_gamma,32.75711007822889,32.796417788517424,31.628807776841686,31.77026365632957,0.14145587948788804,0.5220147939415287,-0.7220186638972933,"{""edges"": [0.0, 3.669633042611258], ""k"": 6, ""min_n"": 120, ""n_params"": 10, ""params"": {""__GLOBAL__"": {""cap"": 12.0, ""gamma"": 1.0}, ""tail30_hgb6_all|AF/PVI ablation"": {""cap"": 15.0, ""gamma"": 1.7000000000000002}, ""tail30_hgb6_all|Device implant"": {""cap"": 4.0, ""gamma"": 0.9500000000000001}, ""tail30_hgb6_all|Device revision-generator-upgrade"": {""cap"": 20.0, ""gamma"": 0.8}, ""tail30_hgb6_all|Diagnostic/testing"": {""cap"": 8.0, ""gamma"": 0.4}, ""tail30_hgb6_all|LAA closure"": {""cap"": 4.0, ""gamma"": 1.4000000000000001}, ""tail30_hgb6_all|Lead/device extraction-removal"": {""cap"": 4.0, ""gamma"": 2.5}, ""tail30_hgb6_all|Other"": {""cap"": 4.0, ""gamma"": 0.5}, ""tail30_hgb6_all|Other ablation"": {""cap"": 4.0, ""gamma"": 1.4500000000000002}, ""tail30_hgb6_all|VT/PVC ablation"": {""cap"": 10.0, ""gamma"": 2.5}}, ""prefix"": ""tail30_hgb6"", ""score_full_oof_corr_target"": 0.02789071966324177, ""score_outer_corr_target"": 0.03176316717680254, ""selection"": ""strict nested score bins + outer GroupKFold category tuning""}"
risk_abs_hgb6_x_family_cap_gamma,32.757342803128104,32.796417788517424,31.656707233652224,31.77026365632957,0.11355642267734237,0.4378302219091229,-0.7455201877323657,"{""edges"": [1.9783292451431858, 13.549235502063468, 18.276034719712783, 22.208835826768734, 28.59227314103954, 37.73939947190062, 83.5493438276934], ""k"": 6, ""min_n"": 120, ""n_params"": 26, ""params"": {""__GLOBAL__"": {""cap"": 12.0, ""gamma"": 1.0}, ""risk_abs_hgb6_0|Device implant"": {""cap"": 10.0, ""gamma"": 0.35000000000000003}, ""risk_abs_hgb6_0|Device revision-generator-upgrade"": {""cap"": 4.0, ""gamma"": 0.9}, ""risk_abs_hgb6_0|Diagnostic/testing"": {""cap"": 8.0, ""gamma"": 0.05}, ""risk_abs_hgb6_0|Other"": {""cap"": 10.0, ""gamma"": 0.45}, ""risk_abs_hgb6_0|Other ablation"": {""cap"": 10.0, ""gamma"": 0.9}, ""risk_abs_hgb6_1|Device implant"": {""cap"": 4.0, ""gamma"": 1.55}, ""risk_abs_hgb6_1|Device revision-generator-upgrade"": {""cap"": 10.0, ""gamma"": 0.9}, ""risk_abs_hgb6_1|Diagnostic/testing"": {""cap"": 4.0, ""gamma"": 1.1}, ""risk_abs_hgb6_1|LAA closure"": {""cap"": 4.0, ""gamma"": 1.7000000000000002}, ""risk_abs_hgb6_2|AF/PVI ablation"": {""cap"": 15.0, ""gamma"": 2.2}, ""risk_abs_hgb6_2|Device implant"": {""cap"": 6.0, ""gamma"": 0.9500000000000001}, ""risk_abs_hgb6_2|Device revision-generator-upgrade"": {""cap"": 12.0, ""gamma"": 1.5}, ""risk_abs_hgb6_3|AF/PVI ablation"": {""cap"": 12.0, ""gamma"": 2.45}, ""risk_abs_hgb6_3|Device implant"": {""cap"": 15.0, ""gamma"": 0.8500000000000001}, ""risk_abs_hgb6_3|Device revision-generator-upgrade"": {""cap"": 20.0, ""gamma"": 1.9000000000000001}, ""risk_abs_hgb6_3|Diagnostic/testing"": {""cap"": 12.0, ""gamma"": 0.6000000000000001}, ""risk_abs_hgb6_3|Other ablation"": {""cap"": 4.0, ""gamma"": 1.4000000000000001}, ""risk_abs_hgb6_4|AF/PVI ablation"": {""cap"": 12.0, ""gamma"": 0.30000000000000004}, ""risk_abs_hgb6_4|Device implant"": {""cap"": 4.0, ""gamma"": 0.15000000000000002}, ""risk_abs_hgb6_4|Device revision-generator-upgrade"": {""cap"": 4.0, ""gamma"": 0.0}, ""risk_abs_hgb6_4|Other ablation"": {""cap"": 4.0, ""gamma"": 1.8}, ""risk_abs_hgb6_4|VT/PVC ablation"": {""cap"": 15.0, ""gamma"": 2.5}, ""risk_abs_hgb6_5|AF/PVI ablation"": {""cap"": 15.0, ""gamma"": 2.5}, ""risk_abs_hgb6_5|Other ablation"": {""cap"": 4.0, ""gamma"": 1.9000000000000001}, ""risk_abs_hgb6_5|VT/PVC ablation"": {""cap"": 8.0, ""gamma"": 2.5}}, ""prefix"": ""risk_abs_hgb6"", ""score_full_oof_corr_target"": 0.4422417614982156, ""score_outer_corr_target"": 0.45189037198309095, ""selection"": ""strict nested score bins + outer GroupKFold category tuning""}"
risk_abs_hgb6_cap_gamma,32.758176034953784,32.796417788517424,31.760152153218698,31.77026365632957,0.010111503110864988,0.48185980979218035,-0.509217763052506,"{""edges"": [1.9783292451431858, 13.549235502063468, 18.276034719712783, 22.208835826768734, 28.59227314103954, 37.73939947190062, 83.5493438276934], ""k"": 6, ""min_n"": 80, ""n_params"": 7, ""params"": {""__GLOBAL__"": {""cap"": 12.0, ""gamma"": 1.0}, ""risk_abs_hgb6_0"": {""cap"": 10.0, ""gamma"": 0.5}, ""risk_abs_hgb6_1"": {""cap"": 4.0, ""gamma"": 1.1500000000000001}, ""risk_abs_hgb6_2"": {""cap"": 8.0, ""gamma"": 1.4000000000000001}, ""risk_abs_hgb6_3"": {""cap"": 20.0, ""gamma"": 1.4500000000000002}, ""risk_abs_hgb6_4"": {""cap"": 15.0, ""gamma"": 0.9500000000000001}, ""risk_abs_hgb6_5"": {""cap"": 8.0, ""gamma"": 2.5}}, ""prefix"": ""risk_abs_hgb6"", ""score_full_oof_corr_target"": 0.4422417614982156, ""score_outer_corr_target"": 0.45189037198309095, ""selection"": ""strict nested score bins + outer GroupKFold category tuning""}"
blend_procedure_family_gamma_positive__risk_abs_et4_x_family_cap_gamma,32.76137254648064,32.796417788517424,31.62859793994582,31.77026365632957,0.14166571638374617,0.5223670306445932,-0.681676117723691,"{""first"": ""procedure_family_gamma_positive"", ""second"": ""risk_abs_et4_x_family_cap_gamma"", ""selection"": ""OOF-tuned two-way convex blend"", ""weight_on_second"": 0.45}"
blend_procedure_family_gamma_positive__signed_resid_hgb6_x_family_cap_gamma,32.763006462023014,32.796417788517424,31.62031343347831,31.77026365632957,0.14995022285125972,0.5170834800986263,-0.5802161272710447,"{""first"": ""procedure_family_gamma_positive"", ""second"": ""signed_resid_hgb6_x_family_cap_gamma"", ""selection"": ""OOF-tuned two-way convex blend"", ""weight_on_second"": 0.4}"
blend_procedure_family_gamma_positive__risk_abs_et6_x_family_cap_gamma,32.76606122748985,32.796417788517424,31.620767888291123,31.77026365632957,0.14949576803844758,0.510743219443466,-0.6807199759154845,"{""first"": ""procedure_family_gamma_positive"", ""second"": ""risk_abs_et6_x_family_cap_gamma"", ""selection"": ""OOF-tuned two-way convex blend"", ""weight_on_second"": 0.27}"
procedure_family_gamma_positive,32.76927961993881,32.796417788517424,31.607522369553593,31.77026365632957,0.16274128677597588,0.5132088763649172,-0.6686322274937989,"{""gammas"": {""AF/PVI ablation"": 1.7000000000000002, ""Device implant"": 0.775, ""Device revision-generator-upgrade"": 0.775, ""Diagnostic/testing"": 0.30000000000000004, ""LAA closure"": 1.0, ""Lead/device extraction-removal"": 1.5250000000000001, ""Other"": 0.275, ""Other ablation"": 1.0250000000000001, ""VT/PVC ablation"": 2.5, ""__GLOBAL__"": 1.0}, ""selection"": ""outer GroupKFold category tuning""}"
risk_abs_et4_x_family_cap_gamma,32.76930611773042,32.796417788517424,31.685507279285194,31.77026365632957,0.08475637704437548,0.43923916872138075,-0.6976186502269117,"{""edges"": [6.352691899063436, 19.487026756865063, 29.41380409940564, 41.912765305301086, 114.33610381994642], ""k"": 4, ""min_n"": 120, ""n_params"": 24, ""params"": {""__GLOBAL__"": {""cap"": 12.0, ""gamma"": 1.0}, ""risk_abs_et4_0|Device implant"": {""cap"": 4.0, ""gamma"": 0.75}, ""risk_abs_et4_0|Device revision-generator-upgrade"": {""cap"": 4.0, ""gamma"": 1.0}, ""risk_abs_et4_0|Diagnostic/testing"": {""cap"": 4.0, ""gamma"": 0.2}, ""risk_abs_et4_0|LAA closure"": {""cap"": 6.0, ""gamma"": 1.4000000000000001}, ""risk_abs_et4_0|Other"": {""cap"": 8.0, ""gamma"": 0.30000000000000004}, ""risk_abs_et4_0|Other ablation"": {""cap"": 10.0, ""gamma"": 1.0}, ""risk_abs_et4_1|AF/PVI ablation"": {""cap"": 15.0, ""gamma"": 1.85}, ""risk_abs_et4_1|Device implant"": {""cap"": 4.0, ""gamma"": 1.05}, ""risk_abs_et4_1|Device revision-generator-upgrade"": {""cap"": 20.0, ""gamma"": 1.0}, ""risk_abs_et4_1|Diagnostic/testing"": {""cap"": 4.0, ""gamma"": 0.0}, ""risk_abs_et4_1|Other ablation"": {""cap"": 12.0, ""gamma"": 0.4}, ""risk_abs_et4_2|AF/PVI ablation"": {""cap"": 15.0, ""gamma"": 1.1500000000000001}, ""risk_abs_et4_2|Device implant"": {""cap"": 12.0, ""gamma"": 1.35}, ""risk_abs_et4_2|Device revision-generator-upgrade"": {""cap"": 4.0, ""gamma"": 2.15}, ""risk_abs_et4_2|Diagnostic/testing"": {""cap"": 8.0, ""gamma"": 1.85}, ""risk_abs_et4_2|Other ablation"": {""cap"": 4.0, ""gamma"": 1.7000000000000002}, ""risk_abs_et4_2|VT/PVC ablation"": {""cap"": 15.0, ""gamma"": 2.5}, ""risk_abs_et4_3|AF/PVI ablation"": {""cap"": 15.0, ""gamma"": 2.5}, ""risk_abs_et4_3|Device implant"": {""cap"": 12.0, ""gamma"": 0.1}, ""risk_abs_et4_3|Device revision-generator-upgrade"": {""cap"": 4.0, ""gamma"": 0.0}, ""risk_abs_et4_3|Lead/device extraction-removal"": {""cap"": 4.0, ""gamma"": 2.5}, ""risk_abs_et4_3|Other ablation"": {""cap"": 4.0, ""gamma"": 2.25}, ""risk_abs_et4_3|VT/PVC ablation"": {""cap"": 10.0, ""gamma"": 2.5}}, ""prefix"": ""risk_abs_et4"", ""score_full_oof_corr_target"": 0.4501747027581791, ""score_outer_corr_target"": 0.45693597204381015, ""selection"": ""strict nested score bins + outer GroupKFold category tuning""}"
risk_abs_hgb5_x_family_cap_gamma,32.77131909298542,32.796417788517424,31.67638142873675,31.77026365632957,0.0938822275928213,0.45685100387460376,-0.6334121247548897,"{""edges"": [1.9783292451431858, 14.498340503208244, 19.730197937526224, 25.679188741297075, 35.81625253010907, 83.5493438276934], ""k"": 5, ""min_n"": 120, ""n_params"": 24, ""params"": {""__GLOBAL__"": {""cap"": 12.0, ""gamma"": 1.0}, ""risk_abs_hgb5_0|Device implant"": {""cap"": 10.0, ""gamma"": 0.65}, ""risk_abs_hgb5_0|Device revision-generator-upgrade"": {""cap"": 4.0, ""gamma"": 0.9}, ""risk_abs_hgb5_0|Diagnostic/testing"": {""cap"": 8.0, ""gamma"": 0.1}, ""risk_abs_hgb5_0|Other"": {""cap"": 10.0, ""gamma"": 0.45}, ""risk_abs_hgb5_0|Other ablation"": {""cap"": 10.0, ""gamma"": 0.9}, ""risk_abs_hgb5_1|AF/PVI ablation"": {""cap"": 8.0, ""gamma"": 0.8500000000000001}, ""risk_abs_hgb5_1|Device implant"": {""cap"": 4.0, ""gamma"": 1.4500000000000002}, ""risk_abs_hgb5_1|Device revision-generator-upgrade"": {""cap"": 12.0, ""gamma"": 0.6000000000000001}, ""risk_abs_hgb5_1|Diagnostic/testing"": {""cap"": 4.0, ""gamma"": 0.8}, ""risk_abs_hgb5_2|AF/PVI ablation"": {""cap"": 15.0, ""gamma"": 2.5}, ""risk_abs_hgb5_2|Device implant"": {""cap"": 15.0, ""gamma"": 0.8500000000000001}, ""risk_abs_hgb5_2|Device revision-generator-upgrade"": {""cap"": 20.0, ""gamma"": 1.9500000000000002}, ""risk_abs_hgb5_2|Diagnostic/testing"": {""cap"": 4.0, ""gamma"": 0.0}, ""risk_abs_hgb5_2|Other ablation"": {""cap"": 4.0, ""gamma"": 2.35}, ""risk_abs_hgb5_3|AF/PVI ablation"": {""cap"": 15.0, ""gamma"": 0.8}, ""risk_abs_hgb5_3|Device implant"": {""cap"": 4.0, ""gamma"": 1.1}, ""risk_abs_hgb5_3|Device revision-generator-upgrade"": {""cap"": 4.0, ""gamma"": 0.7000000000000001}, ""risk_abs_hgb5_3|Diagnostic/testing"": {""cap"": 8.0, ""gamma"": 2.45}, ""risk_abs_hgb5_3|Other ablation"": {""cap"": 8.0, ""gamma"": 0.65}, ""risk_abs_hgb5_3|VT/PVC ablation"": {""cap"": 10.0, ""gamma"": 2.5}, ""risk_abs_hgb5_4|AF/PVI ablation"": {""cap"": 15.0, ""gamma"": 2.5}, ""risk_abs_hgb5_4|Other ablation"": {""cap"": 4.0, ""gamma"": 2.0}, ""risk_abs_hgb5_4|VT/PVC ablation"": {""cap"": 10.0, ""gamma"": 2.5}}, ""prefix"": ""risk_abs_hgb5"", ""score_full_oof_corr_target"": 0.4422417614982156, ""score_outer_corr_target"": 0.45189037198309095, ""selection"": ""strict nested score bins + outer GroupKFold category tuning""}"
gain_hgb4_x_family_cap_gamma,32.77263429582537,32.796417788517424,31.670702859018828,31.77026365632957,0.09956079731074319,0.45931666079605493,-0.7129149795552725,"{""edges"": [-8.501954421212696, -0.028178175075020382, 0.062228626889188246, 0.26553958999957683, 9.487355324210593], ""k"": 4, ""min_n"": 120, ""n_params"": 27, ""params"": {""__GLOBAL__"": {""cap"": 12.0, ""gamma"": 1.0}, ""gain_hgb4_0|AF/PVI ablation"": {""cap"": 12.0, ""gamma"": 1.1500000000000001}, ""gain_hgb4_0|Device implant"": {""cap"": 4.0, ""gamma"": 0.65}, ""gain_hgb4_0|Device revision-generator-upgrade"": {""cap"": 20.0, ""gamma"": 0.8}, ""gain_hgb4_0|Diagnostic/testing"": {""cap"": 4.0, ""gamma"": 0.0}, ""gain_hgb4_0|Other"": {""cap"": 12.0, ""gamma"": 0.30000000000000004}, ""gain_hgb4_0|Other ablation"": {""cap"": 4.0, ""gamma"": 1.35}, ""gain_hgb4_0|VT/PVC ablation"": {""cap"": 8.0, ""gamma"": 2.5}, ""gain_hgb4_1|AF/PVI ablation"": {""cap"": 10.0, ""gamma"": 1.2000000000000002}, ""gain_hgb4_1|Device implant"": {""cap"": 4.0, ""gamma"": 1.35}, ""gain_hgb4_1|Device revision-generator-upgrade"": {""cap"": 4.0, ""gamma"": 0.0}, ""gain_hgb4_1|Diagnostic/testing"": {""cap"": 4.0, ""gamma"": 0.0}, ""gain_hgb4_1|Other"": {""cap"": 4.0, ""gamma"": 0.9500000000000001}, ""gain_hgb4_1|Other ablation"": {""cap"": 8.0, ""gamma"": 1.4500000000000002}, ""gain_hgb4_1|VT/PVC ablation"": {""cap"": 4.0, ""gamma"": 0.0}, ""gain_hgb4_2|AF/PVI ablation"": {""cap"": 10.0, ""gamma"": 2.0500000000000003}, ""gain_hgb4_2|Device implant"": {""cap"": 4.0, ""gamma"": 1.05}, ""gain_hgb4_2|Device revision-generator-upgrade"": {""cap"": 12.0, ""gamma"": 1.1}, ""gain_hgb4_2|Diagnostic/testing"": {""cap"": 4.0, ""gamma"": 2.0}, ""gain_hgb4_2|Other ablation"": {""cap"": 4.0, ""gamma"": 0.0}, ""gain_hgb4_2|VT/PVC ablation"": {""cap"": 6.0, ""gamma"": 1.05}, ""gain_hgb4_3|AF/PVI ablation"": {""cap"": 15.0, ""gamma"": 1.85}, ""gain_hgb4_3|Device implant"": {""cap"": 15.0, ""gamma"": 0.9}, ""gain_hgb4_3|Device revision-generator-upgrade"": {""cap"": 4.0, ""gamma"": 1.4000000000000001}, ""gain_hgb4_3|Diagnostic/testing"": {""cap"": 8.0, ""gamma"": 0.8}, ""gain_hgb4_3|Other ablation"": {""cap"": 4.0, ""gamma"": 1.9500000000000002}, ""gain_hgb4_3|VT/PVC ablation"": {""cap"": 10.0, ""gamma"": 2.5}}, ""prefix"": ""gain_hgb4"", ""score_full_oof_corr_target"": 0.06293653092058399, ""score_outer_corr_target"": 0.08225073862060059, ""selection"": ""strict nested score bins + outer GroupKFold category tuning""}"
signed_resid_hgb4_x_family_x_pls_gap_cap_gamma,32.772787778296774,32.796417788517424,31.68711913923165,31.77026365632957,0.0831445170979134,0.2532581895033463,-0.41913976454398955,"{""edges"": [-36.394729312286685, 0.7998021286356419, 3.379415645436214, 7.359010933569259, 126.66865975908695], ""k"": 4, ""min_n"": 160, ""n_params"": 20, ""params"": {""__GLOBAL__"": {""cap"": 12.0, ""gamma"": 1.0}, ""signed_resid_hgb4_0|AF/PVI ablation|pls_lower"": {""cap"": 4.0, ""gamma"": 0.0}, ""signed_resid_hgb4_0|Device implant|pls_lower"": {""cap"": 10.0, ""gamma"": 0.6000000000000001}, ""signed_resid_hgb4_0|Device revision-generator-upgrade|pls_lower"": {""cap"": 4.0, ""gamma"": 0.0}, ""signed_resid_hgb4_1|Device implant|pls_higher"": {""cap"": 4.0, ""gamma"": 0.25}, ""signed_resid_hgb4_1|Device implant|pls_lower"": {""cap"": 4.0, ""gamma"": 0.0}, ""signed_resid_hgb4_1|Device implant|pls_near"": {""cap"": 4.0, ""gamma"": 1.4000000000000001}, ""signed_resid_hgb4_1|Device revision-generator-upgrade|pls_near"": {""cap"": 4.0, ""gamma"": 1.55}, ""signed_resid_hgb4_2|AF/PVI ablation|pls_higher"": {""cap"": 10.0, ""gamma"": 1.5}, ""signed_resid_hgb4_2|AF/PVI ablation|pls_near"": {""cap"": 6.0, ""gamma"": 1.4000000000000001}, ""signed_resid_hgb4_2|Device implant|pls_higher"": {""cap"": 4.0, ""gamma"": 1.25}, ""signed_resid_hgb4_2|Device implant|pls_lower"": {""cap"": 4.0, ""gamma"": 2.5}, ""signed_resid_hgb4_2|Device implant|pls_near"": {""cap"": 8.0, ""gamma"": 1.4500000000000002}, ""signed_resid_hgb4_3|AF/PVI ablation|pls_higher"": {""cap"": 10.0, ""gamma"": 2.5}, ""signed_resid_hgb4_3|AF/PVI ablation|pls_near"": {""cap"": 6.0, ""gamma"": 1.2000000000000002}, ""signed_resid_hgb4_3|Device implant|pls_higher"": {""cap"": 4.0, ""gamma"": 1.5}, ""signed_resid_hgb4_3|Device implant|pls_near"": {""cap"": 6.0, ""gamma"": 1.1500000000000001}, ""signed_resid_hgb4_3|Other ablation|pls_higher"": {""cap"": 4.0, ""gamma"": 2.5}, ""signed_resid_hgb4_3|Other ablation|pls_near"": {""cap"": 4.0, ""gamma"": 2.0}, ""signed_resid_hgb4_3|VT/PVC ablation|pls_higher"": {""cap"": 12.0, ""gamma"": 2.5}}, ""prefix"": ""signed_resid_hgb4"", ""score_full_oof_corr_target"": 0.11299593581566095, ""score_outer_corr_target"": 0.07925917720932729, ""selection"": ""strict nested score bins + outer GroupKFold category tuning""}"
risk_abs_et3_x_family_cap_gamma,32.773092786066606,32.796417788517424,31.58570029901339,31.77026365632957,0.18456335731618181,0.45579429376541036,-0.6635135282339965,"{""edges"": [6.352691899063436, 22.85768478506506, 37.15001002094019, 114.33610381994642], ""k"": 3, ""min_n"": 120, ""n_params"": 20, ""params"": {""__GLOBAL__"": {""cap"": 12.0, ""gamma"": 1.0}, ""risk_abs_et3_0|AF/PVI ablation"": {""cap"": 15.0, ""gamma"": 0.65}, ""risk_abs_et3_0|Device implant"": {""cap"": 4.0, ""gamma"": 1.0}, ""risk_abs_et3_0|Device revision-generator-upgrade"": {""cap"": 12.0, ""gamma"": 0.75}, ""risk_abs_et3_0|Diagnostic/testing"": {""cap"": 4.0, ""gamma"": 0.1}, ""risk_abs_et3_0|LAA closure"": {""cap"": 10.0, ""gamma"": 1.0}, ""risk_abs_et3_0|Other"": {""cap"": 8.0, ""gamma"": 0.4}, ""risk_abs_et3_0|Other ablation"": {""cap"": 8.0, ""gamma"": 1.05}, ""risk_abs_et3_1|AF/PVI ablation"": {""cap"": 15.0, ""gamma"": 1.9000000000000001}, ""risk_abs_et3_1|Device implant"": {""cap"": 15.0, ""gamma"": 0.7000000000000001}, ""risk_abs_et3_1|Device revision-generator-upgrade"": {""cap"": 4.0, ""gamma"": 1.9000000000000001}, ""risk_abs_et3_1|Diagnostic/testing"": {""cap"": 8.0, ""gamma"": 0.55}, ""risk_abs_et3_1|Other ablation"": {""cap"": 8.0, ""gamma"": 0.45}, ""risk_abs_et3_2|AF/PVI ablation"": {""cap"": 15.0, ""gamma"": 2.35}, ""risk_abs_et3_2|Device implant"": {""cap"": 6.0, ""gamma"": 0.9500000000000001}, ""risk_abs_et3_2|Device revision-generator-upgrade"": {""cap"": 15.0, ""gamma"": 0.05}, ""risk_abs_et3_2|Diagnostic/testing"": {""cap"": 15.0, ""gamma"": 2.5}, ""risk_abs_et3_2|Lead/device extraction-removal"": {""cap"": 4.0, ""gamma"": 2.5}, ""risk_abs_et3_2|Other ablation"": {""cap"": 4.0, ""gamma"": 2.1}, ""risk_abs_et3_2|VT/PVC ablation"": {""cap"": 10.0, ""gamma"": 2.5}}, ""prefix"": ""risk_abs_et3"", ""score_full_oof_corr_target"": 0.4501747027581791, ""score_outer_corr_target"": 0.45693597204381015, ""selection"": ""strict nested score bins + outer GroupKFold category tuning""}"
signed_resid_hgb8_x_family_cap_gamma,32.77527582224163,32.796417788517424,31.643881544221227,31.77026365632957,0.12638211210834444,0.3148996125396266,-0.5576104684287315,"{""edges"": [-36.394729312286685, -1.4415466660669454, 0.7998021286356419, 2.2312843908395807, 3.379415645436214, 4.861290200452126, 7.359010933569259, 13.443640785830071, 126.66865975908695], ""k"": 8, ""min_n"": 120, ""n_params"": 39, ""params"": {""__GLOBAL__"": {""cap"": 12.0, ""gamma"": 1.0}, ""signed_resid_hgb8_0|AF/PVI ablation"": {""cap"": 15.0, ""gamma"": 1.0}, ""signed_resid_hgb8_0|Device implant"": {""cap"": 15.0, ""gamma"": 0.45}, ""signed_resid_hgb8_0|Device revision-generator-upgrade"": {""cap"": 15.0, ""gamma"": 0.75}, ""signed_resid_hgb8_0|Diagnostic/testing"": {""cap"": 8.0, ""gamma"": 0.05}, ""signed_resid_hgb8_0|Other ablation"": {""cap"": 4.0, ""gamma"": 1.25}, ""signed_resid_hgb8_0|VT/PVC ablation"": {""cap"": 12.0, ""gamma"": 2.5}, ""signed_resid_hgb8_1|AF/PVI ablation"": {""cap"": 12.0, ""gamma"": 2.35}, ""signed_resid_hgb8_1|Device implant"": {""cap"": 4.0, ""gamma"": 0.45}, ""signed_resid_hgb8_1|Device revision-generator-upgrade"": {""cap"": 4.0, ""gamma"": 0.9}, ""signed_resid_hgb8_1|Diagnostic/testing"": {""cap"": 4.0, ""gamma"": 0.55}, ""signed_resid_hgb8_1|Other ablation"": {""cap"": 10.0, ""gamma"": 1.75}, ""signed_resid_hgb8_2|AF/PVI ablation"": {""cap"": 15.0, ""gamma"": 1.0}, ""signed_resid_hgb8_2|Device implant"": {""cap"": 4.0, ""gamma"": 0.6000000000000001}, ""signed_resid_hgb8_2|Device revision-generator-upgrade"": {""cap"": 8.0, ""gamma"": 1.0}, ""signed_resid_hgb8_2|Diagnostic/testing"": {""cap"": 4.0, ""gamma"": 0.0}, ""signed_resid_hgb8_2|Other ablation"": {""cap"": 6.0, ""gamma"": 0.65}, ""signed_resid_hgb8_3|AF/PVI ablation"": {""cap"": 4.0, ""gamma"": 2.0}, ""signed_resid_hgb8_3|Device implant"": {""cap"": 8.0, ""gamma"": 0.4}, ""signed_resid_hgb8_3|Device revision-generator-upgrade"": {""cap"": 4.0, ""gamma"": 1.4000000000000001}, ""signed_resid_hgb8_3|Diagnostic/testing"": {""cap"": 10.0, ""gamma"": 1.9000000000000001}, ""signed_resid_hgb8_3|Other ablation"": {""cap"": 4.0, ""gamma"": 1.5}, ""signed_resid_hgb8_4|AF/PVI ablation"": {""cap"": 8.0, ""gamma"": 1.35}, ""signed_resid_hgb8_4|Device implant"": {""cap"": 4.0, ""gamma"": 1.0}, ""signed_resid_hgb8_4|Device revision-generator-upgrade"": {""cap"": 20.0, ""gamma"": 0.55}, ""signed_resid_hgb8_4|Other ablation"": {""cap"": 8.0, ""gamma"": 1.3}, ""signed_resid_hgb8_5|AF/PVI ablation"": {""cap"": 8.0, ""gamma"": 2.35}, ""signed_resid_hgb8_5|Device implant"": {""cap"": 6.0, ""gamma"": 1.25}, ""signed_resid_hgb8_5|Device revision-generator-upgrade"": {""cap"": 4.0, ""gamma"": 0.8}, ""signed_resid_hgb8_5|Other ablation"": {""cap"": 4.0, ""gamma"": 0.0}, ""signed_resid_hgb8_6|AF/PVI ablation"": {""cap"": 12.0, ""gamma"": 1.7000000000000002}, ""signed_resid_hgb8_6|Device implant"": {""cap"": 6.0, ""gamma"": 0.8500000000000001}, ""signed_resid_hgb8_6|Device revision-generator-upgrade"": {""cap"": 4.0, ""gamma"": 0.0}, ""signed_resid_hgb8_6|Other ablation"": {""cap"": 4.0, ""gamma"": 2.35}, ""signed_resid_hgb8_6|VT/PVC ablation"": {""cap"": 4.0, ""gamma"": 2.3000000000000003}, ""signed_resid_hgb8_7|AF/PVI ablation"": {""cap"": 15.0, ""gamma"": 2.5}, ""signed_resid_hgb8_7|Device implant"": {""cap"": 4.0, ""gamma"": 1.9000000000000001}, ""signed_resid_hgb8_7|Other ablation"": {""cap"": 4.0, ""gamma"": 2.5}, ""signed_resid_hgb8_7|VT/PVC ablation"": {""cap"": 6.0, ""gamma"": 2.5}}, ""prefix"": ""signed_resid_hgb8"", ""score_full_oof_corr_target"": 0.11299593581566095, ""score_outer_corr_target"": 0.07925917720932729, ""selection"": ""strict nested score bins + outer GroupKFold category tuning""}"
risk_abs_et5_cap_gamma,32.77788662423007,32.796417788517424,31.725594965704644,31.77026365632957,0.04466869062492376,0.5082775625220148,-0.3722888125291744,"{""edges"": [6.352691899063436, 17.430325755885978, 25.531286817907333, 34.182257744171274, 45.906620725681556, 114.33610381994642], ""k"": 5, ""min_n"": 80, ""n_params"": 6, ""params"": {""__GLOBAL__"": {""cap"": 12.0, ""gamma"": 1.0}, ""risk_abs_et5_0"": {""cap"": 4.0, ""gamma"": 0.6000000000000001}, ""risk_abs_et5_1"": {""cap"": 12.0, ""gamma"": 1.05}, ""risk_abs_et5_2"": {""cap"": 20.0, ""gamma"": 1.2000000000000002}, ""risk_abs_et5_3"": {""cap"": 15.0, ""gamma"": 1.3}, ""risk_abs_et5_4"": {""cap"": 8.0, ""gamma"": 2.25}}, ""prefix"": ""risk_abs_et5"", ""score_full_oof_corr_target"": 0.4501747027581791, ""score_outer_corr_target"": 0.45693597204381015, ""selection"": ""strict nested score bins + outer GroupKFold category tuning""}"
risk_abs_et8_cap_gamma,32.77842795283478,32.796417788517424,31.72922838246091,31.77026365632957,0.04103527386865811,0.5001761183515322,-0.36433890789083595,"{""edges"": [6.352691899063436, 14.966480276553098, 19.487026756865063, 24.511979619176035, 29.41380409940564, 35.295413803349064, 41.912765305301086, 52.97068118189314, 114.33610381994642], ""k"": 8, ""min_n"": 80, ""n_params"": 9, ""params"": {""__GLOBAL__"": {""cap"": 12.0, ""gamma"": 1.0}, ""risk_abs_et8_0"": {""cap"": 4.0, ""gamma"": 0.6000000000000001}, ""risk_abs_et8_1"": {""cap"": 4.0, ""gamma"": 1.1}, ""risk_abs_et8_2"": {""cap"": 12.0, ""gamma"": 0.9}, ""risk_abs_et8_3"": {""cap"": 20.0, ""gamma"": 1.05}, ""risk_abs_et8_4"": {""cap"": 15.0, ""gamma"": 1.35}, ""risk_abs_et8_5"": {""cap"": 15.0, ""gamma"": 1.35}, ""risk_abs_et8_6"": {""cap"": 12.0, ""gamma"": 1.4500000000000002}, ""risk_abs_et8_7"": {""cap"": 6.0, ""gamma"": 2.5}}, ""prefix"": ""risk_abs_et8"", ""score_full_oof_corr_target"": 0.4501747027581791, ""score_outer_corr_target"": 0.45693597204381015, ""selection"": ""strict nested score bins + outer GroupKFold category tuning""}"
risk_abs_et4_cap_gamma,32.77848027546797,32.796417788517424,31.698854170763234,31.77026365632957,0.07140948556633507,0.5075730891158858,-0.3038540335590431,"{""edges"": [6.352691899063436, 19.487026756865063, 29.41380409940564, 41.912765305301086, 114.33610381994642], ""k"": 4, ""min_n"": 80, ""n_params"": 5, ""params"": {""__GLOBAL__"": {""cap"": 12.0, ""gamma"": 1.0}, ""risk_abs_et4_0"": {""cap"": 4.0, ""gamma"": 0.8}, ""risk_abs_et4_1"": {""cap"": 20.0, ""gamma"": 0.9500000000000001}, ""risk_abs_et4_2"": {""cap"": 15.0, ""gamma"": 1.35}, ""risk_abs_et4_3"": {""cap"": 8.0, ""gamma"": 1.9000000000000001}}, ""prefix"": ""risk_abs_et4"", ""score_full_oof_corr_target"": 0.4501747027581791, ""score_outer_corr_target"": 0.45693597204381015, ""selection"": ""strict nested score bins + outer GroupKFold category tuning""}"
risk_abs_et5_x_family_cap_gamma,32.77963041222166,32.796417788517424,31.676240660174507,31.77026365632957,0.09402299615506435,0.4483973230010567,-0.5249580302438105,"{""edges"": [6.352691899063436, 17.430325755885978, 25.531286817907333, 34.182257744171274, 45.906620725681556, 114.33610381994642], ""k"": 5, ""min_n"": 120, ""n_params"": 26, ""params"": {""__GLOBAL__"": {""cap"": 12.0, ""gamma"": 1.0}, ""risk_abs_et5_0|Device implant"": {""cap"": 10.0, ""gamma"": 0.30000000000000004}, ""risk_abs_et5_0|Device revision-generator-upgrade"": {""cap"": 4.0, ""gamma"": 0.9}, ""risk_abs_et5_0|Diagnostic/testing"": {""cap"": 4.0, ""gamma"": 0.1}, ""risk_abs_et5_0|Other"": {""cap"": 8.0, ""gamma"": 0.30000000000000004}, ""risk_abs_et5_0|Other ablation"": {""cap"": 8.0, ""gamma"": 0.9}, ""risk_abs_et5_1|AF/PVI ablation"": {""cap"": 15.0, ""gamma"": 1.55}, ""risk_abs_et5_1|Device implant"": {""cap"": 4.0, ""gamma"": 1.3}, ""risk_abs_et5_1|Device revision-generator-upgrade"": {""cap"": 12.0, ""gamma"": 1.5}, ""risk_abs_et5_1|Diagnostic/testing"": {""cap"": 4.0, ""gamma"": 0.55}, ""risk_abs_et5_2|AF/PVI ablation"": {""cap"": 8.0, ""gamma"": 2.15}, ""risk_abs_et5_2|Device implant"": {""cap"": 15.0, ""gamma"": 0.8500000000000001}, ""risk_abs_et5_2|Device revision-generator-upgrade"": {""cap"": 4.0, ""gamma"": 1.35}, ""risk_abs_et5_2|Diagnostic/testing"": {""cap"": 8.0, ""gamma"": 0.6000000000000001}, ""risk_abs_et5_2|Other ablation"": {""cap"": 4.0, ""gamma"": 1.0}, ""risk_abs_et5_3|AF/PVI ablation"": {""cap"": 15.0, ""gamma"": 0.9500000000000001}, ""risk_abs_et5_3|Device implant"": {""cap"": 10.0, ""gamma"": 1.05}, ""risk_abs_et5_3|Device revision-generator-upgrade"": {""cap"": 4.0, ""gamma"": 2.5}, ""risk_abs_et5_3|Other ablation"": {""cap"": 4.0, ""gamma"": 1.5}, ""risk_abs_et5_3|VT/PVC ablation"": {""cap"": 10.0, ""gamma"": 2.5}, ""risk_abs_et5_4|AF/PVI ablation"": {""cap"": 15.0, ""gamma"": 2.5}, ""risk_abs_et5_4|Device implant"": {""cap"": 4.0, ""gamma"": 0.0}, ""risk_abs_et5_4|Device revision-generator-upgrade"": {""cap"": 4.0, ""gamma"": 0.0}, ""risk_abs_et5_4|Lead/device extraction-removal"": {""cap"": 4.0, ""gamma"": 2.5}, ""risk_abs_et5_4|Other ablation"": {""cap"": 4.0, ""gamma"": 2.0}, ""risk_abs_et5_4|VT/PVC ablation"": {""cap"": 8.0, ""gamma"": 2.5}}, ""prefix"": ""risk_abs_et5"", ""score_full_oof_corr_target"": 0.4501747027581791, ""score_outer_corr_target"": 0.45693597204381015, ""selection"": ""strict nested score bins + outer GroupKFold category tuning""}"
risk_abs_hgb5_cap_gamma,32.781996233858095,32.796417788517424,31.74286734838452,31.77026365632957,0.027396307945051133,0.39591405424445225,-0.3752503777057381,"{""edges"": [1.9783292451431858, 14.498340503208244, 19.730197937526224, 25.679188741297075, 35.81625253010907, 83.5493438276934], ""k"": 5, ""min_n"": 80, ""n_params"": 6, ""params"": {""__GLOBAL__"": {""cap"": 12.0, ""gamma"": 1.0}, ""risk_abs_hgb5_0"": {""cap"": 10.0, ""gamma"": 0.6000000000000001}, ""risk_abs_hgb5_1"": {""cap"": 4.0, ""gamma"": 1.1500000000000001}, ""risk_abs_hgb5_2"": {""cap"": 12.0, ""gamma"": 1.4000000000000001}, ""risk_abs_hgb5_3"": {""cap"": 15.0, ""gamma"": 1.0}, ""risk_abs_hgb5_4"": {""cap"": 6.0, ""gamma"": 2.5}}, ""prefix"": ""risk_abs_hgb5"", ""score_full_oof_corr_target"": 0.4422417614982156, ""score_outer_corr_target"": 0.45189037198309095, ""selection"": ""strict nested score bins + outer GroupKFold category tuning""}"
family_x_corr_size_cap_gamma,32.78279793868938,32.796417788517424,31.721783470264405,31.77026365632957,0.048480186065163876,0.4945403311025009,-0.5497944047305102,"{""min_n"": 100, ""n_params"": 16, ""params"": {""AF/PVI ablation|corr_0_5"": {""cap"": 6.0, ""gamma"": 1.05}, ""AF/PVI ablation|corr_5_10"": {""cap"": 10.0, ""gamma"": 1.8}, ""Device implant|corr_0_5"": {""cap"": 4.0, ""gamma"": 0.9500000000000001}, ""Device implant|corr_5_10"": {""cap"": 4.0, ""gamma"": 0.75}, ""Device revision-generator-upgrade|corr_0_5"": {""cap"": 4.0, ""gamma"": 1.25}, ""Device revision-generator-upgrade|corr_5_10"": {""cap"": 10.0, ""gamma"": 0.2}, ""Diagnostic/testing|corr_0_5"": {""cap"": 6.0, ""gamma"": 0.4}, ""Diagnostic/testing|corr_5_10"": {""cap"": 10.0, ""gamma"": 0.6000000000000001}, ""LAA closure|corr_0_5"": {""cap"": 4.0, ""gamma"": 1.6}, ""Lead/device extraction-removal|corr_0_5"": {""cap"": 4.0, ""gamma"": 2.5}, ""Other ablation|corr_0_5"": {""cap"": 4.0, ""gamma"": 1.4000000000000001}, ""Other ablation|corr_5_10"": {""cap"": 6.0, ""gamma"": 1.1500000000000001}, ""Other|corr_0_5"": {""cap"": 4.0, ""gamma"": 0.5}, ""VT/PVC ablation|corr_0_5"": {""cap"": 4.0, ""gamma"": 2.5}, ""VT/PVC ablation|corr_5_10"": {""cap"": 10.0, ""gamma"": 2.5}, ""__GLOBAL__"": {""cap"": 12.0, ""gamma"": 1.0}}, ""selection"": ""outer GroupKFold category tuning""}"
signed_resid_hgb6_x_family_x_pls_gap_cap_gamma,32.78553901376258,32.796417788517424,31.811501755810855,31.77026365632957,-0.04123809948128544,0.13913349771046143,0.03904570545326648,"{""edges"": [-36.394729312286685, -0.500895356230035, 1.8191093179018838, 3.379415645436214, 5.531296363975679, 10.574770899110685, 126.66865975908695], ""k"": 6, ""min_n"": 160, ""n_params"": 16, ""params"": {""__GLOBAL__"": {""cap"": 12.0, ""gamma"": 1.0}, ""signed_resid_hgb6_0|Device implant|pls_lower"": {""cap"": 4.0, ""gamma"": 0.0}, ""signed_resid_hgb6_1|Device implant|pls_lower"": {""cap"": 4.0, ""gamma"": 2.2}, ""signed_resid_hgb6_1|Device implant|pls_near"": {""cap"": 10.0, ""gamma"": 0.55}, ""signed_resid_hgb6_2|Device implant|pls_near"": {""cap"": 4.0, ""gamma"": 1.55}, ""signed_resid_hgb6_2|Device revision-generator-upgrade|pls_near"": {""cap"": 4.0, ""gamma"": 1.55}, ""signed_resid_hgb6_3|Device implant|pls_higher"": {""cap"": 4.0, ""gamma"": 0.4}, ""signed_resid_hgb6_3|Device implant|pls_near"": {""cap"": 4.0, ""gamma"": 1.6500000000000001}, ""signed_resid_hgb6_4|AF/PVI ablation|pls_higher"": {""cap"": 4.0, ""gamma"": 2.5}, ""signed_resid_hgb6_4|AF/PVI ablation|pls_near"": {""cap"": 4.0, ""gamma"": 0.0}, ""signed_resid_hgb6_4|Device implant|pls_higher"": {""cap"": 4.0, ""gamma"": 1.85}, ""signed_resid_hgb6_4|Device implant|pls_near"": {""cap"": 10.0, ""gamma"": 0.25}, ""signed_resid_hgb6_5|AF/PVI ablation|pls_higher"": {""cap"": 10.0, ""gamma"": 2.5}, ""signed_resid_hgb6_5|AF/PVI ablation|pls_near"": {""cap"": 10.0, ""gamma"": 2.5}, ""signed_resid_hgb6_5|Other ablation|pls_higher"": {""cap"": 10.0, ""gamma"": 2.5}, ""signed_resid_hgb6_5|VT/PVC ablation|pls_higher"": {""cap"": 12.0, ""gamma"": 2.5}}, ""prefix"": ""signed_resid_hgb6"", ""score_full_oof_corr_target"": 0.11299593581566095, ""score_outer_corr_target"": 0.07925917720932729, ""selection"": ""strict nested score bins + outer GroupKFold category tuning""}"
risk_abs_et6_x_family_cap_gamma,32.786308967927546,32.796417788517424,31.702232307462182,31.77026365632957,0.06803134886738285,0.44276153575202537,-0.7134016660926333,"{""edges"": [6.352691899063436, 16.29185006087858, 22.85768478506506, 29.41380409940564, 37.15001002094019, 48.664173716480725, 114.33610381994642], ""k"": 6, ""min_n"": 120, ""n_params"": 26, ""params"": {""__GLOBAL__"": {""cap"": 12.0, ""gamma"": 1.0}, ""risk_abs_et6_0|Device implant"": {""cap"": 10.0, ""gamma"": 0.35000000000000003}, ""risk_abs_et6_0|Device revision-generator-upgrade"": {""cap"": 4.0, ""gamma"": 1.05}, ""risk_abs_et6_0|Diagnostic/testing"": {""cap"": 4.0, ""gamma"": 0.05}, ""risk_abs_et6_0|Other"": {""cap"": 10.0, ""gamma"": 0.30000000000000004}, ""risk_abs_et6_0|Other ablation"": {""cap"": 10.0, ""gamma"": 0.75}, ""risk_abs_et6_1|AF/PVI ablation"": {""cap"": 15.0, ""gamma"": 0.65}, ""risk_abs_et6_1|Device implant"": {""cap"": 4.0, ""gamma"": 1.55}, ""risk_abs_et6_1|Device revision-generator-upgrade"": {""cap"": 12.0, ""gamma"": 0.6000000000000001}, ""risk_abs_et6_1|Diagnostic/testing"": {""cap"": 4.0, ""gamma"": 0.15000000000000002}, ""risk_abs_et6_2|AF/PVI ablation"": {""cap"": 15.0, ""gamma"": 2.5}, ""risk_abs_et6_2|Device implant"": {""cap"": 6.0, ""gamma"": 0.45}, ""risk_abs_et6_2|Device revision-generator-upgrade"": {""cap"": 20.0, ""gamma"": 1.35}, ""risk_abs_et6_3|AF/PVI ablation"": {""cap"": 15.0, ""gamma"": 1.2000000000000002}, ""risk_abs_et6_3|Device implant"": {""cap"": 15.0, ""gamma"": 1.05}, ""risk_abs_et6_3|Device revision-generator-upgrade"": {""cap"": 4.0, ""gamma"": 2.5}, ""risk_abs_et6_3|Other ablation"": {""cap"": 4.0, ""gamma"": 1.35}, ""risk_abs_et6_4|AF/PVI ablation"": {""cap"": 10.0, ""gamma"": 1.9000000000000001}, ""risk_abs_et6_4|Device implant"": {""cap"": 6.0, ""gamma"": 1.4000000000000001}, ""risk_abs_et6_4|Device revision-generator-upgrade"": {""cap"": 15.0, ""gamma"": 0.9500000000000001}, ""risk_abs_et6_4|Other ablation"": {""cap"": 4.0, ""gamma"": 1.85}, ""risk_abs_et6_4|VT/PVC ablation"": {""cap"": 10.0, ""gamma"": 2.5}, ""risk_abs_et6_5|AF/PVI ablation"": {""cap"": 15.0, ""gamma"": 2.5}, ""risk_abs_et6_5|Lead/device extraction-removal"": {""cap"": 4.0, ""gamma"": 2.5}, ""risk_abs_et6_5|Other ablation"": {""cap"": 4.0, ""gamma"": 2.5}, ""risk_abs_et6_5|VT/PVC ablation"": {""cap"": 8.0, ""gamma"": 2.5}}, ""prefix"": ""risk_abs_et6"", ""score_full_oof_corr_target"": 0.4501747027581791, ""score_outer_corr_target"": 0.45693597204381015, ""selection"": ""strict nested score bins + outer GroupKFold category tuning""}"
risk_abs_et3_cap_gamma,32.78683340574163,32.796417788517424,31.705994701265002,31.77026365632957,0.06426895506456695,0.5033462486791124,-0.43243929961072985,"{""edges"": [6.352691899063436, 22.85768478506506, 37.15001002094019, 114.33610381994642], ""k"": 3, ""min_n"": 80, ""n_params"": 4, ""params"": {""__GLOBAL__"": {""cap"": 12.0, ""gamma"": 1.0}, ""risk_abs_et3_0"": {""cap"": 4.0, ""gamma"": 0.8500000000000001}, ""risk_abs_et3_1"": {""cap"": 20.0, ""gamma"": 1.2000000000000002}, ""risk_abs_et3_2"": {""cap"": 8.0, ""gamma"": 1.9000000000000001}}, ""prefix"": ""risk_abs_et3"", ""score_full_oof_corr_target"": 0.4501747027581791, ""score_outer_corr_target"": 0.45693597204381015, ""selection"": ""strict nested score bins + outer GroupKFold category tuning""}"
signed_resid_hgb6_x_family_cap_gamma,32.78758751438026,32.796417788517424,31.679153099910792,31.77026365632957,0.09111055641877441,0.4138781261007397,-0.44759197693691316,"{""edges"": [-36.394729312286685, -0.500895356230035, 1.8191093179018838, 3.379415645436214, 5.531296363975679, 10.574770899110685, 126.66865975908695], ""k"": 6, ""min_n"": 120, ""n_params"": 33, ""params"": {""__GLOBAL__"": {""cap"": 12.0, ""gamma"": 1.0}, ""signed_resid_hgb6_0|AF/PVI ablation"": {""cap"": 15.0, ""gamma"": 1.1}, ""signed_resid_hgb6_0|Device implant"": {""cap"": 15.0, ""gamma"": 0.4}, ""signed_resid_hgb6_0|Device revision-generator-upgrade"": {""cap"": 15.0, ""gamma"": 0.7000000000000001}, ""signed_resid_hgb6_0|Diagnostic/testing"": {""cap"": 4.0, ""gamma"": 0.1}, ""signed_resid_hgb6_0|Other"": {""cap"": 4.0, ""gamma"": 0.0}, ""signed_resid_hgb6_0|Other ablation"": {""cap"": 6.0, ""gamma"": 1.0}, ""signed_resid_hgb6_0|VT/PVC ablation"": {""cap"": 12.0, ""gamma"": 2.5}, ""signed_resid_hgb6_1|AF/PVI ablation"": {""cap"": 15.0, ""gamma"": 1.85}, ""signed_resid_hgb6_1|Device implant"": {""cap"": 4.0, ""gamma"": 0.6000000000000001}, ""signed_resid_hgb6_1|Device revision-generator-upgrade"": {""cap"": 8.0, ""gamma"": 1.25}, ""signed_resid_hgb6_1|Diagnostic/testing"": {""cap"": 6.0, ""gamma"": 0.35000000000000003}, ""signed_resid_hgb6_1|Other"": {""cap"": 10.0, ""gamma"": 0.55}, ""signed_resid_hgb6_1|Other ablation"": {""cap"": 4.0, ""gamma"": 0.0}, ""signed_resid_hgb6_2|AF/PVI ablation"": {""cap"": 6.0, ""gamma"": 1.4000000000000001}, ""signed_resid_hgb6_2|Device implant"": {""cap"": 4.0, ""gamma"": 0.5}, ""signed_resid_hgb6_2|Device revision-generator-upgrade"": {""cap"": 4.0, ""gamma"": 1.4000000000000001}, ""signed_resid_hgb6_2|Diagnostic/testing"": {""cap"": 10.0, ""gamma"": 0.25}, ""signed_resid_hgb6_2|Other ablation"": {""cap"": 4.0, ""gamma"": 1.7000000000000002}, ""signed_resid_hgb6_3|AF/PVI ablation"": {""cap"": 10.0, ""gamma"": 1.9500000000000002}, ""signed_resid_hgb6_3|Device implant"": {""cap"": 4.0, ""gamma"": 1.2000000000000002}, ""signed_resid_hgb6_3|Device revision-generator-upgrade"": {""cap"": 20.0, ""gamma"": 0.55}, ""signed_resid_hgb6_3|Other ablation"": {""cap"": 8.0, ""gamma"": 0.6000000000000001}, ""signed_resid_hgb6_4|AF/PVI ablation"": {""cap"": 8.0, ""gamma"": 1.4500000000000002}, ""signed_resid_hgb6_4|Device implant"": {""cap"": 6.0, ""gamma"": 1.1500000000000001}, ""signed_resid_hgb6_4|Device revision-generator-upgrade"": {""cap"": 4.0, ""gamma"": 0.25}, ""signed_resid_hgb6_4|Other ablation"": {""cap"": 6.0, ""gamma"": 0.7000000000000001}, ""signed_resid_hgb6_4|VT/PVC ablation"": {""cap"": 6.0, ""gamma"": 1.4500000000000002}, ""signed_resid_hgb6_5|AF/PVI ablation"": {""cap"": 15.0, ""gamma"": 2.5}, ""signed_resid_hgb6_5|Device implant"": {""cap"": 4.0, ""gamma"": 1.85}, ""signed_resid_hgb6_5|Device revision-generator-upgrade"": {""cap"": 4.0, ""gamma"": 1.55}, ""signed_resid_hgb6_5|Other ablation"": {""cap"": 4.0, ""gamma"": 2.5}, ""signed_resid_hgb6_5|VT/PVC ablation"": {""cap"": 6.0, ""gamma"": 2.5}}, ""prefix"": ""signed_resid_hgb6"", ""score_full_oof_corr_target"": 0.11299593581566095, ""score_outer_corr_target"": 0.07925917720932729, ""selection"": ""strict nested score bins + outer GroupKFold category tuning""}"
gain_hgb8_x_family_cap_gamma,32.78761169918532,32.796417788517424,31.718785168920817,31.77026365632957,0.051478487408748025,0.4033110250088059,-0.575891553517623,"{""edges"": [-8.501954421212696, -0.19287473655847617, -0.028178175075020382, 0.02078968834837439, 0.062228626889188246, 0.1295408924129942, 0.26553958999957683, 0.6234694749935367, 9.487355324210593], ""k"": 8, ""min_n"": 120, ""n_params"": 40, ""params"": {""__GLOBAL__"": {""cap"": 12.0, ""gamma"": 1.0}, ""gain_hgb8_0|AF/PVI ablation"": {""cap"": 12.0, ""gamma"": 1.0}, ""gain_hgb8_0|Device implant"": {""cap"": 12.0, ""gamma"": 0.30000000000000004}, ""gain_hgb8_0|Device revision-generator-upgrade"": {""cap"": 20.0, ""gamma"": 0.75}, ""gain_hgb8_0|Diagnostic/testing"": {""cap"": 8.0, ""gamma"": 0.05}, ""gain_hgb8_0|Other ablation"": {""cap"": 4.0, ""gamma"": 0.65}, ""gain_hgb8_0|VT/PVC ablation"": {""cap"": 8.0, ""gamma"": 2.5}, ""gain_hgb8_1|AF/PVI ablation"": {""cap"": 10.0, ""gamma"": 2.1}, ""gain_hgb8_1|Device implant"": {""cap"": 4.0, ""gamma"": 0.9500000000000001}, ""gain_hgb8_1|Device revision-generator-upgrade"": {""cap"": 8.0, ""gamma"": 0.8500000000000001}, ""gain_hgb8_1|Other ablation"": {""cap"": 4.0, ""gamma"": 2.45}, ""gain_hgb8_2|AF/PVI ablation"": {""cap"": 10.0, ""gamma"": 1.55}, ""gain_hgb8_2|Device implant"": {""cap"": 4.0, ""gamma"": 0.15000000000000002}, ""gain_hgb8_2|Device revision-generator-upgrade"": {""cap"": 4.0, ""gamma"": 1.2000000000000002}, ""gain_hgb8_2|Diagnostic/testing"": {""cap"": 4.0, ""gamma"": 0.0}, ""gain_hgb8_2|Other ablation"": {""cap"": 8.0, ""gamma"": 1.6}, ""gain_hgb8_3|AF/PVI ablation"": {""cap"": 4.0, ""gamma"": 0.0}, ""gain_hgb8_3|Device implant"": {""cap"": 6.0, ""gamma"": 2.15}, ""gain_hgb8_3|Device revision-generator-upgrade"": {""cap"": 4.0, ""gamma"": 0.0}, ""gain_hgb8_3|Other ablation"": {""cap"": 4.0, ""gamma"": 1.4500000000000002}, ""gain_hgb8_4|AF/PVI ablation"": {""cap"": 8.0, ""gamma"": 2.0500000000000003}, ""gain_hgb8_4|Device implant"": {""cap"": 4.0, ""gamma"": 1.1500000000000001}, ""gain_hgb8_4|Device revision-generator-upgrade"": {""cap"": 4.0, ""gamma"": 1.1500000000000001}, ""gain_hgb8_4|Diagnostic/testing"": {""cap"": 4.0, ""gamma"": 2.5}, ""gain_hgb8_4|Other ablation"": {""cap"": 4.0, ""gamma"": 0.0}, ""gain_hgb8_5|AF/PVI ablation"": {""cap"": 10.0, ""gamma"": 2.0}, ""gain_hgb8_5|Device implant"": {""cap"": 8.0, ""gamma"": 0.8500000000000001}, ""gain_hgb8_5|Device revision-generator-upgrade"": {""cap"": 12.0, ""gamma"": 1.4000000000000001}, ""gain_hgb8_5|Diagnostic/testing"": {""cap"": 4.0, ""gamma"": 0.65}, ""gain_hgb8_5|Other ablation"": {""cap"": 4.0, ""gamma"": 0.0}, ""gain_hgb8_6|AF/PVI ablation"": {""cap"": 10.0, ""gamma"": 1.4500000000000002}, ""gain_hgb8_6|Device implant"": {""cap"": 10.0, ""gamma"": 1.6}, ""gain_hgb8_6|Device revision-generator-upgrade"": {""cap"": 4.0, ""gamma"": 2.0500000000000003}, ""gain_hgb8_6|Other ablation"": {""cap"": 6.0, ""gamma"": 1.9000000000000001}, ""gain_hgb8_6|VT/PVC ablation"": {""cap"": 6.0, ""gamma"": 2.5}, ""gain_hgb8_7|AF/PVI ablation"": {""cap"": 15.0, ""gamma"": 1.85}, ""gain_hgb8_7|Device implant"": {""cap"": 12.0, ""gamma"": 0.35000000000000003}, ""gain_hgb8_7|Device revision-generator-upgrade"": {""cap"": 15.0, ""gamma"": 0.75}, ""gain_hgb8_7|Other ablation"": {""cap"": 4.0, ""gamma"": 1.85}, ""gain_hgb8_7|VT/PVC ablation"": {""cap"": 10.0, ""gamma"": 2.5}}, ""prefix"": ""gain_hgb8"", ""score_full_oof_corr_target"": 0.06293653092058399, ""score_outer_corr_target"": 0.08225073862060059, ""selection"": ""strict nested score bins + outer GroupKFold category tuning""}"
risk_abs_et8_x_family_cap_gamma,32.79064624496436,32.796417788517424,31.702981077021388,31.77026365632957,0.06728257930818125,0.41916167664670656,-0.5420923138737703,"{""edges"": [6.352691899063436, 14.966480276553098, 19.487026756865063, 24.511979619176035, 29.41380409940564, 35.295413803349064, 41.912765305301086, 52.97068118189314, 114.33610381994642], ""k"": 8, ""min_n"": 120, ""n_params"": 32, ""params"": {""__GLOBAL__"": {""cap"": 12.0, ""gamma"": 1.0}, ""risk_abs_et8_0|Device implant"": {""cap"": 10.0, ""gamma"": 0.5}, ""risk_abs_et8_0|Device revision-generator-upgrade"": {""cap"": 4.0, ""gamma"": 0.9}, ""risk_abs_et8_0|Diagnostic/testing"": {""cap"": 4.0, ""gamma"": 0.15000000000000002}, ""risk_abs_et8_0|Other"": {""cap"": 10.0, ""gamma"": 0.35000000000000003}, ""risk_abs_et8_0|Other ablation"": {""cap"": 10.0, ""gamma"": 0.65}, ""risk_abs_et8_1|Device implant"": {""cap"": 4.0, ""gamma"": 0.9}, ""risk_abs_et8_1|Device revision-generator-upgrade"": {""cap"": 10.0, ""gamma"": 0.9}, ""risk_abs_et8_1|Diagnostic/testing"": {""cap"": 4.0, ""gamma"": 0.2}, ""risk_abs_et8_2|AF/PVI ablation"": {""cap"": 15.0, ""gamma"": 1.05}, ""risk_abs_et8_2|Device implant"": {""cap"": 4.0, ""gamma"": 1.2000000000000002}, ""risk_abs_et8_2|Device revision-generator-upgrade"": {""cap"": 12.0, ""gamma"": 1.05}, ""risk_abs_et8_3|AF/PVI ablation"": {""cap"": 8.0, ""gamma"": 2.5}, ""risk_abs_et8_3|Device implant"": {""cap"": 6.0, ""gamma"": 0.5}, ""risk_abs_et8_3|Device revision-generator-upgrade"": {""cap"": 20.0, ""gamma"": 0.8}, ""risk_abs_et8_4|AF/PVI ablation"": {""cap"": 10.0, ""gamma"": 2.0}, ""risk_abs_et8_4|Device implant"": {""cap"": 15.0, ""gamma"": 0.65}, ""risk_abs_et8_4|Other ablation"": {""cap"": 4.0, ""gamma"": 1.8}, ""risk_abs_et8_5|AF/PVI ablation"": {""cap"": 15.0, ""gamma"": 0.25}, ""risk_abs_et8_5|Device implant"": {""cap"": 12.0, ""gamma"": 1.9000000000000001}, ""risk_abs_et8_5|Device revision-generator-upgrade"": {""cap"": 15.0, ""gamma"": 1.8}, ""risk_abs_et8_5|Other ablation"": {""cap"": 4.0, ""gamma"": 1.35}, ""risk_abs_et8_5|VT/PVC ablation"": {""cap"": 6.0, ""gamma"": 2.5}, ""risk_abs_et8_6|AF/PVI ablation"": {""cap"": 12.0, ""gamma"": 2.1}, ""risk_abs_et8_6|Device implant"": {""cap"": 4.0, ""gamma"": 1.0}, ""risk_abs_et8_6|Device revision-generator-upgrade"": {""cap"": 4.0, ""gamma"": 0.0}, ""risk_abs_et8_6|Other ablation"": {""cap"": 4.0, ""gamma"": 1.1}, ""risk_abs_et8_6|VT/PVC ablation"": {""cap"": 10.0, ""gamma"": 2.5}, ""risk_abs_et8_7|AF/PVI ablation"": {""cap"": 15.0, ""gamma"": 2.5}, ""risk_abs_et8_7|Lead/device extraction-removal"": {""cap"": 4.0, ""gamma"": 2.5}, ""risk_abs_et8_7|Other ablation"": {""cap"": 4.0, ""gamma"": 2.5}, ""risk_abs_et8_7|VT/PVC ablation"": {""cap"": 8.0, ""gamma"": 2.5}}, ""prefix"": ""risk_abs_et8"", ""score_full_oof_corr_target"": 0.4501747027581791, ""score_outer_corr_target"": 0.45693597204381015, ""selection"": ""strict nested score bins + outer GroupKFold category tuning""}"
risk_abs_hgb4_cap_gamma,32.79464547245937,32.796417788517424,31.687262570557674,31.77026365632957,0.08300108577189663,0.5184924269108842,-0.29779279832326067,"{""edges"": [1.9783292451431858, 15.937164693472493, 22.208835826768734, 32.97542825616486, 83.5493438276934], ""k"": 4, ""min_n"": 80, ""n_params"": 5, ""params"": {""__GLOBAL__"": {""cap"": 12.0, ""gamma"": 1.0}, ""risk_abs_hgb4_0"": {""cap"": 10.0, ""gamma"": 0.65}, ""risk_abs_hgb4_1"": {""cap"": 6.0, ""gamma"": 1.1}, ""risk_abs_hgb4_2"": {""cap"": 20.0, ""gamma"": 1.1}, ""risk_abs_hgb4_3"": {""cap"": 8.0, ""gamma"": 2.25}}, ""prefix"": ""risk_abs_hgb4"", ""score_full_oof_corr_target"": 0.4422417614982156, ""score_outer_corr_target"": 0.45189037198309095, ""selection"": ""strict nested score bins + outer GroupKFold category tuning""}"
risk_abs_et6_cap_gamma,32.794679205024714,32.796417788517424,31.739177870736505,31.77026365632957,0.031085785593066562,0.502289538569919,-0.5110570643988637,"{""edges"": [6.352691899063436, 16.29185006087858, 22.85768478506506, 29.41380409940564, 37.15001002094019, 48.664173716480725, 114.33610381994642], ""k"": 6, ""min_n"": 80, ""n_params"": 7, ""params"": {""__GLOBAL__"": {""cap"": 12.0, ""gamma"": 1.0}, ""risk_abs_et6_0"": {""cap"": 4.0, ""gamma"": 0.6000000000000001}, ""risk_abs_et6_1"": {""cap"": 4.0, ""gamma"": 1.2000000000000002}, ""risk_abs_et6_2"": {""cap"": 20.0, ""gamma"": 1.2000000000000002}, ""risk_abs_et6_3"": {""cap"": 15.0, ""gamma"": 1.2000000000000002}, ""risk_abs_et6_4"": {""cap"": 15.0, ""gamma"": 1.6}, ""risk_abs_et6_5"": {""cap"": 8.0, ""gamma"": 2.5}}, ""prefix"": ""risk_abs_et6"", ""score_full_oof_corr_target"": 0.4501747027581791, ""score_outer_corr_target"": 0.45693597204381015, ""selection"": ""strict nested score bins + outer GroupKFold category tuning""}"
signed_resid_hgb6_cap_gamma,32.795874169766364,32.796417788517424,31.816287162574742,31.77026365632957,-0.04602350624517509,0.10884114124691793,0.13828429927028946,"{""edges"": [-36.394729312286685, -0.500895356230035, 1.8191093179018838, 3.379415645436214, 5.531296363975679, 10.574770899110685, 126.66865975908695], ""k"": 6, ""min_n"": 80, ""n_params"": 7, ""params"": {""__GLOBAL__"": {""cap"": 12.0, ""gamma"": 1.0}, ""signed_resid_hgb6_0"": {""cap"": 12.0, ""gamma"": 0.9}, ""signed_resid_hgb6_1"": {""cap"": 12.0, ""gamma"": 0.8}, ""signed_resid_hgb6_2"": {""cap"": 4.0, ""gamma"": 1.05}, ""signed_resid_hgb6_3"": {""cap"": 20.0, ""gamma"": 1.0}, ""signed_resid_hgb6_4"": {""cap"": 6.0, ""gamma"": 0.9500000000000001}, ""signed_resid_hgb6_5"": {""cap"": 4.0, ""gamma"": 2.5}}, ""prefix"": ""signed_resid_hgb6"", ""score_full_oof_corr_target"": 0.11299593581566095, ""score_outer_corr_target"": 0.07925917720932729, ""selection"": ""strict nested score bins + outer GroupKFold category tuning""}"
signed_resid_hgb4_cap_gamma,32.79736827716379,32.796417788517424,31.775491634006052,31.77026365632957,-0.005227977676481312,0.5040507220852413,-0.06636007080554777,"{""edges"": [-36.394729312286685, 0.7998021286356419, 3.379415645436214, 7.359010933569259, 126.66865975908695], ""k"": 4, ""min_n"": 80, ""n_params"": 5, ""params"": {""__GLOBAL__"": {""cap"": 12.0, ""gamma"": 1.0}, ""signed_resid_hgb4_0"": {""cap"": 12.0, ""gamma"": 0.9}, ""signed_resid_hgb4_1"": {""cap"": 12.0, ""gamma"": 0.8}, ""signed_resid_hgb4_2"": {""cap"": 8.0, ""gamma"": 1.05}, ""signed_resid_hgb4_3"": {""cap"": 4.0, ""gamma"": 2.0500000000000003}}, ""prefix"": ""signed_resid_hgb4"", ""score_full_oof_corr_target"": 0.11299593581566095, ""score_outer_corr_target"": 0.07925917720932729, ""selection"": ""strict nested score bins + outer GroupKFold category tuning""}"
risk_abs_et6_x_family_x_pls_gap_cap_gamma,32.79922153827005,32.796417788517424,31.795454401381672,31.77026365632957,-0.0251907450521027,0.1750616414230363,-0.1894147685501776,"{""edges"": [6.352691899063436, 16.29185006087858, 22.85768478506506, 29.41380409940564, 37.15001002094019, 48.664173716480725, 114.33610381994642], ""k"": 6, ""min_n"": 160, ""n_params"": 19, ""params"": {""__GLOBAL__"": {""cap"": 12.0, ""gamma"": 1.0}, ""risk_abs_et6_0|Device revision-generator-upgrade|pls_lower"": {""cap"": 4.0, ""gamma"": 1.7000000000000002}, ""risk_abs_et6_0|Device revision-generator-upgrade|pls_near"": {""cap"": 4.0, ""gamma"": 1.3}, ""risk_abs_et6_1|Device implant|pls_higher"": {""cap"": 4.0, ""gamma"": 1.6500000000000001}, ""risk_abs_et6_1|Device implant|pls_lower"": {""cap"": 4.0, ""gamma"": 0.7000000000000001}, ""risk_abs_et6_1|Device implant|pls_near"": {""cap"": 4.0, ""gamma"": 1.7000000000000002}, ""risk_abs_et6_1|Device revision-generator-upgrade|pls_near"": {""cap"": 4.0, ""gamma"": 1.4500000000000002}, ""risk_abs_et6_2|Device implant|pls_higher"": {""cap"": 4.0, ""gamma"": 1.4000000000000001}, ""risk_abs_et6_2|Device implant|pls_lower"": {""cap"": 4.0, ""gamma"": 0.0}, ""risk_abs_et6_2|Device implant|pls_near"": {""cap"": 6.0, ""gamma"": 0.15000000000000002}, ""risk_abs_et6_3|AF/PVI ablation|pls_higher"": {""cap"": 15.0, ""gamma"": 1.4500000000000002}, ""risk_abs_et6_3|AF/PVI ablation|pls_near"": {""cap"": 12.0, ""gamma"": 0.8500000000000001}, ""risk_abs_et6_3|Device implant|pls_lower"": {""cap"": 12.0, ""gamma"": 1.6}, ""risk_abs_et6_3|Device implant|pls_near"": {""cap"": 10.0, ""gamma"": 1.8}, ""risk_abs_et6_4|AF/PVI ablation|pls_higher"": {""cap"": 4.0, ""gamma"": 0.0}, ""risk_abs_et6_4|AF/PVI ablation|pls_near"": {""cap"": 10.0, ""gamma"": 0.9}, ""risk_abs_et6_5|AF/PVI ablation|pls_higher"": {""cap"": 10.0, ""gamma"": 2.5}, ""risk_abs_et6_5|Other ablation|pls_higher"": {""cap"": 6.0, ""gamma"": 2.5}, ""risk_abs_et6_5|VT/PVC ablation|pls_higher"": {""cap"": 12.0, ""gamma"": 2.5}}, ""prefix"": ""risk_abs_et6"", ""score_full_oof_corr_target"": 0.4501747027581791, ""score_outer_corr_target"": 0.45693597204381015, ""selection"": ""strict nested score bins + outer GroupKFold category tuning""}"
risk_abs_hgb4_x_family_cap_gamma,32.80034430755156,32.796417788517424,31.579010902792707,31.77026365632957,0.1912527535368616,0.4917224374779852,-0.7248125869147141,"{""edges"": [1.9783292451431858, 15.937164693472493, 22.208835826768734, 32.97542825616486, 83.5493438276934], ""k"": 4, ""min_n"": 120, ""n_params"": 23, ""params"": {""__GLOBAL__"": {""cap"": 12.0, ""gamma"": 1.0}, ""risk_abs_hgb4_0|Device implant"": {""cap"": 10.0, ""gamma"": 0.65}, ""risk_abs_hgb4_0|Device revision-generator-upgrade"": {""cap"": 4.0, ""gamma"": 0.9500000000000001}, ""risk_abs_hgb4_0|Diagnostic/testing"": {""cap"": 4.0, ""gamma"": 0.2}, ""risk_abs_hgb4_0|Other"": {""cap"": 4.0, ""gamma"": 0.55}, ""risk_abs_hgb4_0|Other ablation"": {""cap"": 8.0, ""gamma"": 0.9}, ""risk_abs_hgb4_1|AF/PVI ablation"": {""cap"": 8.0, ""gamma"": 1.6}, ""risk_abs_hgb4_1|Device implant"": {""cap"": 4.0, ""gamma"": 1.3}, ""risk_abs_hgb4_1|Device revision-generator-upgrade"": {""cap"": 12.0, ""gamma"": 0.8}, ""risk_abs_hgb4_1|Diagnostic/testing"": {""cap"": 8.0, ""gamma"": 0.1}, ""risk_abs_hgb4_1|Other ablation"": {""cap"": 8.0, ""gamma"": 1.5}, ""risk_abs_hgb4_2|AF/PVI ablation"": {""cap"": 15.0, ""gamma"": 2.0}, ""risk_abs_hgb4_2|Device implant"": {""cap"": 15.0, ""gamma"": 0.35000000000000003}, ""risk_abs_hgb4_2|Device revision-generator-upgrade"": {""cap"": 20.0, ""gamma"": 1.75}, ""risk_abs_hgb4_2|Diagnostic/testing"": {""cap"": 12.0, ""gamma"": 0.6000000000000001}, ""risk_abs_hgb4_2|Other ablation"": {""cap"": 4.0, ""gamma"": 0.6000000000000001}, ""risk_abs_hgb4_2|VT/PVC ablation"": {""cap"": 10.0, ""gamma"": 1.85}, ""risk_abs_hgb4_3|AF/PVI ablation"": {""cap"": 15.0, ""gamma"": 2.3000000000000003}, ""risk_abs_hgb4_3|Device implant"": {""cap"": 4.0, ""gamma"": 0.0}, ""risk_abs_hgb4_3|Device revision-generator-upgrade"": {""cap"": 4.0, ""gamma"": 0.0}, ""risk_abs_hgb4_3|Lead/device extraction-removal"": {""cap"": 4.0, ""gamma"": 2.5}, ""risk_abs_hgb4_3|Other ablation"": {""cap"": 4.0, ""gamma"": 2.5}, ""risk_abs_hgb4_3|VT/PVC ablation"": {""cap"": 10.0, ""gamma"": 2.5}}, ""prefix"": ""risk_abs_hgb4"", ""score_full_oof_corr_target"": 0.4422417614982156, ""score_outer_corr_target"": 0.45189037198309095, ""selection"": ""strict nested score bins + outer GroupKFold category tuning""}"
tail30_hgb4_x_family_x_corr_size_cap_gamma,32.80113081599473,32.796417788517424,31.721783470264405,31.77026365632957,0.048480186065163876,0.4945403311025009,-0.5497944047305102,"{""edges"": [0.0, 3.669633042611258], ""k"": 4, ""min_n"": 140, ""n_params"": 16, ""params"": {""__GLOBAL__"": {""cap"": 12.0, ""gamma"": 1.0}, ""tail30_hgb4_all|AF/PVI ablation|corr_0_5"": {""cap"": 6.0, ""gamma"": 1.05}, ""tail30_hgb4_all|AF/PVI ablation|corr_5_10"": {""cap"": 10.0, ""gamma"": 1.8}, ""tail30_hgb4_all|Device implant|corr_0_5"": {""cap"": 4.0, ""gamma"": 0.9500000000000001}, ""tail30_hgb4_all|Device implant|corr_5_10"": {""cap"": 4.0, ""gamma"": 0.75}, ""tail30_hgb4_all|Device revision-generator-upgrade|corr_0_5"": {""cap"": 4.0, ""gamma"": 1.25}, ""tail30_hgb4_all|Device revision-generator-upgrade|corr_5_10"": {""cap"": 10.0, ""gamma"": 0.2}, ""tail30_hgb4_all|Diagnostic/testing|corr_0_5"": {""cap"": 6.0, ""gamma"": 0.4}, ""tail30_hgb4_all|Diagnostic/testing|corr_5_10"": {""cap"": 10.0, ""gamma"": 0.6000000000000001}, ""tail30_hgb4_all|LAA closure|corr_0_5"": {""cap"": 4.0, ""gamma"": 1.6}, ""tail30_hgb4_all|Lead/device extraction-removal|corr_0_5"": {""cap"": 4.0, ""gamma"": 2.5}, ""tail30_hgb4_all|Other ablation|corr_0_5"": {""cap"": 4.0, ""gamma"": 1.4000000000000001}, ""tail30_hgb4_all|Other ablation|corr_5_10"": {""cap"": 6.0, ""gamma"": 1.1500000000000001}, ""tail30_hgb4_all|Other|corr_0_5"": {""cap"": 4.0, ""gamma"": 0.5}, ""tail30_hgb4_all|VT/PVC ablation|corr_0_5"": {""cap"": 4.0, ""gamma"": 2.5}, ""tail30_hgb4_all|VT/PVC ablation|corr_5_10"": {""cap"": 10.0, ""gamma"": 2.5}}, ""prefix"": ""tail30_hgb4"", ""score_full_oof_corr_target"": 0.02789071966324177, ""score_outer_corr_target"": 0.03176316717680254, ""selection"": ""strict nested score bins + outer GroupKFold category tuning""}"
tail30_hgb6_x_family_x_corr_size_cap_gamma,32.80113081599473,32.796417788517424,31.721783470264405,31.77026365632957,0.048480186065163876,0.4945403311025009,-0.5497944047305102,"{""edges"": [0.0, 3.669633042611258], ""k"": 6, ""min_n"": 140, ""n_params"": 16, ""params"": {""__GLOBAL__"": {""cap"": 12.0, ""gamma"": 1.0}, ""tail30_hgb6_all|AF/PVI ablation|corr_0_5"": {""cap"": 6.0, ""gamma"": 1.05}, ""tail30_hgb6_all|AF/PVI ablation|corr_5_10"": {""cap"": 10.0, ""gamma"": 1.8}, ""tail30_hgb6_all|Device implant|corr_0_5"": {""cap"": 4.0, ""gamma"": 0.9500000000000001}, ""tail30_hgb6_all|Device implant|corr_5_10"": {""cap"": 4.0, ""gamma"": 0.75}, ""tail30_hgb6_all|Device revision-generator-upgrade|corr_0_5"": {""cap"": 4.0, ""gamma"": 1.25}, ""tail30_hgb6_all|Device revision-generator-upgrade|corr_5_10"": {""cap"": 10.0, ""gamma"": 0.2}, ""tail30_hgb6_all|Diagnostic/testing|corr_0_5"": {""cap"": 6.0, ""gamma"": 0.4}, ""tail30_hgb6_all|Diagnostic/testing|corr_5_10"": {""cap"": 10.0, ""gamma"": 0.6000000000000001}, ""tail30_hgb6_all|LAA closure|corr_0_5"": {""cap"": 4.0, ""gamma"": 1.6}, ""tail30_hgb6_all|Lead/device extraction-removal|corr_0_5"": {""cap"": 4.0, ""gamma"": 2.5}, ""tail30_hgb6_all|Other ablation|corr_0_5"": {""cap"": 4.0, ""gamma"": 1.4000000000000001}, ""tail30_hgb6_all|Other ablation|corr_5_10"": {""cap"": 6.0, ""gamma"": 1.1500000000000001}, ""tail30_hgb6_all|Other|corr_0_5"": {""cap"": 4.0, ""gamma"": 0.5}, ""tail30_hgb6_all|VT/PVC ablation|corr_0_5"": {""cap"": 4.0, ""gamma"": 2.5}, ""tail30_hgb6_all|VT/PVC ablation|corr_5_10"": {""cap"": 10.0, ""gamma"": 2.5}}, ""prefix"": ""tail30_hgb6"", ""score_full_oof_corr_target"": 0.02789071966324177, ""score_outer_corr_target"": 0.03176316717680254, ""selection"": ""strict nested score bins + outer GroupKFold category tuning""}"
tail30_hgb8_x_family_x_corr_size_cap_gamma,32.80113081599473,32.796417788517424,31.721783470264405,31.77026365632957,0.048480186065163876,0.4945403311025009,-0.5497944047305102,"{""edges"": [0.0, 3.669633042611258], ""k"": 8, ""min_n"": 140, ""n_params"": 16, ""params"": {""__GLOBAL__"": {""cap"": 12.0, ""gamma"": 1.0}, ""tail30_hgb8_all|AF/PVI ablation|corr_0_5"": {""cap"": 6.0, ""gamma"": 1.05}, ""tail30_hgb8_all|AF/PVI ablation|corr_5_10"": {""cap"": 10.0, ""gamma"": 1.8}, ""tail30_hgb8_all|Device implant|corr_0_5"": {""cap"": 4.0, ""gamma"": 0.9500000000000001}, ""tail30_hgb8_all|Device implant|corr_5_10"": {""cap"": 4.0, ""gamma"": 0.75}, ""tail30_hgb8_all|Device revision-generator-upgrade|corr_0_5"": {""cap"": 4.0, ""gamma"": 1.25}, ""tail30_hgb8_all|Device revision-generator-upgrade|corr_5_10"": {""cap"": 10.0, ""gamma"": 0.2}, ""tail30_hgb8_all|Diagnostic/testing|corr_0_5"": {""cap"": 6.0, ""gamma"": 0.4}, ""tail30_hgb8_all|Diagnostic/testing|corr_5_10"": {""cap"": 10.0, ""gamma"": 0.6000000000000001}, ""tail30_hgb8_all|LAA closure|corr_0_5"": {""cap"": 4.0, ""gamma"": 1.6}, ""tail30_hgb8_all|Lead/device extraction-removal|corr_0_5"": {""cap"": 4.0, ""gamma"": 2.5}, ""tail30_hgb8_all|Other ablation|corr_0_5"": {""cap"": 4.0, ""gamma"": 1.4000000000000001}, ""tail30_hgb8_all|Other ablation|corr_5_10"": {""cap"": 6.0, ""gamma"": 1.1500000000000001}, ""tail30_hgb8_all|Other|corr_0_5"": {""cap"": 4.0, ""gamma"": 0.5}, ""tail30_hgb8_all|VT/PVC ablation|corr_0_5"": {""cap"": 4.0, ""gamma"": 2.5}, ""tail30_hgb8_all|VT/PVC ablation|corr_5_10"": {""cap"": 10.0, ""gamma"": 2.5}}, ""prefix"": ""tail30_hgb8"", ""score_full_oof_corr_target"": 0.02789071966324177, ""score_outer_corr_target"": 0.03176316717680254, ""selection"": ""strict nested score bins + outer GroupKFold category tuning""}"
tail30_hgb8_cap_gamma,32.80267938366775,32.796417788517424,31.77360095870462,31.77026365632957,-0.003337302375054381,0.0021134202183867557,0.007721780311771028,"{""edges"": [0.0, 3.669633042611258], ""k"": 8, ""min_n"": 80, ""n_params"": 2, ""params"": {""__GLOBAL__"": {""cap"": 12.0, ""gamma"": 1.0}, ""tail30_hgb8_all"": {""cap"": 12.0, ""gamma"": 1.0}}, ""prefix"": ""tail30_hgb8"", ""score_full_oof_corr_target"": 0.02789071966324177, ""score_outer_corr_target"": 0.03176316717680254, ""selection"": ""strict nested score bins + outer GroupKFold category tuning""}"
tail30_hgb6_cap_gamma,32.80267938366775,32.796417788517424,31.77360095870462,31.77026365632957,-0.003337302375054381,0.0021134202183867557,0.007721780311771028,"{""edges"": [0.0, 3.669633042611258], ""k"": 6, ""min_n"": 80, ""n_params"": 2, ""params"": {""__GLOBAL__"": {""cap"": 12.0, ""gamma"": 1.0}, ""tail30_hgb6_all"": {""cap"": 12.0, ""gamma"": 1.0}}, ""prefix"": ""tail30_hgb6"", ""score_full_oof_corr_target"": 0.02789071966324177, ""score_outer_corr_target"": 0.03176316717680254, ""selection"": ""strict nested score bins + outer GroupKFold category tuning""}"
tail30_hgb4_cap_gamma,32.80267938366775,32.796417788517424,31.77360095870462,31.77026365632957,-0.003337302375054381,0.0021134202183867557,0.007721780311771028,"{""edges"": [0.0, 3.669633042611258], ""k"": 4, ""min_n"": 80, ""n_params"": 2, ""params"": {""__GLOBAL__"": {""cap"": 12.0, ""gamma"": 1.0}, ""tail30_hgb4_all"": {""cap"": 12.0, ""gamma"": 1.0}}, ""prefix"": ""tail30_hgb4"", ""score_full_oof_corr_target"": 0.02789071966324177, ""score_outer_corr_target"": 0.03176316717680254, ""selection"": ""strict nested score bins + outer GroupKFold category tuning""}"
risk_abs_et4_x_family_x_pls_gap_cap_gamma,32.80274145548436,32.796417788517424,31.757943953810845,31.77026365632957,0.01231970251872424,0.2655864741106023,-0.6218777202740039,"{""edges"": [6.352691899063436, 19.487026756865063, 29.41380409940564, 41.912765305301086, 114.33610381994642], ""k"": 4, ""min_n"": 160, ""n_params"": 23, ""params"": {""__GLOBAL__"": {""cap"": 12.0, ""gamma"": 1.0}, ""risk_abs_et4_0|Device implant|pls_near"": {""cap"": 8.0, ""gamma"": 1.4500000000000002}, ""risk_abs_et4_0|Device revision-generator-upgrade|pls_lower"": {""cap"": 4.0, ""gamma"": 0.9}, ""risk_abs_et4_0|Device revision-generator-upgrade|pls_near"": {""cap"": 4.0, ""gamma"": 1.4000000000000001}, ""risk_abs_et4_0|Diagnostic/testing|pls_higher"": {""cap"": 4.0, ""gamma"": 1.1}, ""risk_abs_et4_0|Diagnostic/testing|pls_near"": {""cap"": 4.0, ""gamma"": 0.0}, ""risk_abs_et4_1|AF/PVI ablation|pls_higher"": {""cap"": 12.0, ""gamma"": 2.0}, ""risk_abs_et4_1|AF/PVI ablation|pls_near"": {""cap"": 8.0, ""gamma"": 2.4000000000000004}, ""risk_abs_et4_1|Device implant|pls_higher"": {""cap"": 4.0, ""gamma"": 1.35}, ""risk_abs_et4_1|Device implant|pls_lower"": {""cap"": 4.0, ""gamma"": 0.0}, ""risk_abs_et4_1|Device implant|pls_near"": {""cap"": 4.0, ""gamma"": 0.9}, ""risk_abs_et4_2|AF/PVI ablation|pls_higher"": {""cap"": 15.0, ""gamma"": 0.8500000000000001}, ""risk_abs_et4_2|AF/PVI ablation|pls_lower"": {""cap"": 6.0, ""gamma"": 2.25}, ""risk_abs_et4_2|AF/PVI ablation|pls_near"": {""cap"": 12.0, ""gamma"": 0.55}, ""risk_abs_et4_2|Device implant|pls_higher"": {""cap"": 12.0, ""gamma"": 0.9}, ""risk_abs_et4_2|Device implant|pls_lower"": {""cap"": 12.0, ""gamma"": 1.6500000000000001}, ""risk_abs_et4_2|Device implant|pls_near"": {""cap"": 10.0, ""gamma"": 1.7000000000000002}, ""risk_abs_et4_3|AF/PVI ablation|pls_higher"": {""cap"": 10.0, ""gamma"": 2.5}, ""risk_abs_et4_3|AF/PVI ablation|pls_near"": {""cap"": 10.0, ""gamma"": 2.25}, ""risk_abs_et4_3|Other ablation|pls_higher"": {""cap"": 6.0, ""gamma"": 2.5}, ""risk_abs_et4_3|Other ablation|pls_near"": {""cap"": 4.0, ""gamma"": 2.35}, ""risk_abs_et4_3|VT/PVC ablation|pls_higher"": {""cap"": 12.0, ""gamma"": 2.5}, ""risk_abs_et4_3|VT/PVC ablation|pls_near"": {""cap"": 6.0, ""gamma"": 1.8}}, ""prefix"": ""risk_abs_et4"", ""score_full_oof_corr_target"": 0.4501747027581791, ""score_outer_corr_target"": 0.45693597204381015, ""selection"": ""strict nested score bins + outer GroupKFold category tuning""}"
risk_abs_hgb8_cap_gamma,32.80397182175507,32.796417788517424,31.810750468867187,31.77026365632957,-0.04048681253761585,0.415639309616062,-0.3007298688176863,"{""edges"": [1.9783292451431858, 12.257170564800237, 15.937164693472493, 19.15760757371108, 22.208835826768734, 26.739639398982156, 32.97542825616486, 40.59822658652755, 83.5493438276934], ""k"": 8, ""min_n"": 80, ""n_params"": 9, ""params"": {""__GLOBAL__"": {""cap"": 12.0, ""gamma"": 1.0}, ""risk_abs_hgb8_0"": {""cap"": 10.0, ""gamma"": 0.45}, ""risk_abs_hgb8_1"": {""cap"": 4.0, ""gamma"": 1.25}, ""risk_abs_hgb8_2"": {""cap"": 4.0, ""gamma"": 0.8500000000000001}, ""risk_abs_hgb8_3"": {""cap"": 12.0, ""gamma"": 1.5}, ""risk_abs_hgb8_4"": {""cap"": 20.0, ""gamma"": 1.2000000000000002}, ""risk_abs_hgb8_5"": {""cap"": 15.0, ""gamma"": 1.0}, ""risk_abs_hgb8_6"": {""cap"": 15.0, ""gamma"": 1.55}, ""risk_abs_hgb8_7"": {""cap"": 8.0, ""gamma"": 2.5}}, ""prefix"": ""risk_abs_hgb8"", ""score_full_oof_corr_target"": 0.4422417614982156, ""score_outer_corr_target"": 0.45189037198309095, ""selection"": ""strict nested score bins + outer GroupKFold category tuning""}"
signed_resid_hgb8_cap_gamma,32.80551991948806,32.796417788517424,31.77710346816671,31.77026365632957,-0.0068398118371408734,0.5008805917576612,-0.06389737537624074,"{""edges"": [-36.394729312286685, -1.4415466660669454, 0.7998021286356419, 2.2312843908395807, 3.379415645436214, 4.861290200452126, 7.359010933569259, 13.443640785830071, 126.66865975908695], ""k"": 8, ""min_n"": 80, ""n_params"": 9, ""params"": {""__GLOBAL__"": {""cap"": 12.0, ""gamma"": 1.0}, ""signed_resid_hgb8_0"": {""cap"": 12.0, ""gamma"": 0.8}, ""signed_resid_hgb8_1"": {""cap"": 12.0, ""gamma"": 1.0}, ""signed_resid_hgb8_2"": {""cap"": 12.0, ""gamma"": 0.7000000000000001}, ""signed_resid_hgb8_3"": {""cap"": 4.0, ""gamma"": 1.1}, ""signed_resid_hgb8_4"": {""cap"": 20.0, ""gamma"": 0.9500000000000001}, ""signed_resid_hgb8_5"": {""cap"": 6.0, ""gamma"": 1.4000000000000001}, ""signed_resid_hgb8_6"": {""cap"": 4.0, ""gamma"": 1.25}, ""signed_resid_hgb8_7"": {""cap"": 4.0, ""gamma"": 2.5}}, ""prefix"": ""signed_resid_hgb8"", ""score_full_oof_corr_target"": 0.11299593581566095, ""score_outer_corr_target"": 0.07925917720932729, ""selection"": ""strict nested score bins + outer GroupKFold category tuning""}"
gain_hgb4_cap_gamma,32.80785198762246,32.796417788517424,31.754992420912302,31.77026365632957,0.015271235417264906,0.5005283550545967,-0.0658997834558151,"{""edges"": [-8.501954421212696, -0.028178175075020382, 0.062228626889188246, 0.26553958999957683, 9.487355324210593], ""k"": 4, ""min_n"": 80, ""n_params"": 5, ""params"": {""__GLOBAL__"": {""cap"": 12.0, ""gamma"": 1.0}, ""gain_hgb4_0"": {""cap"": 4.0, ""gamma"": 0.9500000000000001}, ""gain_hgb4_1"": {""cap"": 10.0, ""gamma"": 0.7000000000000001}, ""gain_hgb4_2"": {""cap"": 12.0, ""gamma"": 0.9500000000000001}, ""gain_hgb4_3"": {""cap"": 12.0, ""gamma"": 1.3}}, ""prefix"": ""gain_hgb4"", ""score_full_oof_corr_target"": 0.06293653092058399, ""score_outer_corr_target"": 0.08225073862060059, ""selection"": ""strict nested score bins + outer GroupKFold category tuning""}"
risk_abs_hgb6_x_family_x_corr_size_cap_gamma,32.81001662348784,32.796417788517424,31.807638456419262,31.77026365632957,-0.03737480008969004,0.31806974286720674,-0.1456888923284282,"{""edges"": [1.9783292451431858, 13.549235502063468, 18.276034719712783, 22.208835826768734, 28.59227314103954, 37.73939947190062, 83.5493438276934], ""k"": 6, ""min_n"": 140, ""n_params"": 24, ""params"": {""__GLOBAL__"": {""cap"": 12.0, ""gamma"": 1.0}, ""risk_abs_hgb6_0|Device implant|corr_0_5"": {""cap"": 4.0, ""gamma"": 0.2}, ""risk_abs_hgb6_0|Device revision-generator-upgrade|corr_0_5"": {""cap"": 4.0, ""gamma"": 1.3}, ""risk_abs_hgb6_0|Diagnostic/testing|corr_0_5"": {""cap"": 4.0, ""gamma"": 0.0}, ""risk_abs_hgb6_0|Other ablation|corr_0_5"": {""cap"": 4.0, ""gamma"": 0.0}, ""risk_abs_hgb6_0|Other|corr_0_5"": {""cap"": 4.0, ""gamma"": 0.35000000000000003}, ""risk_abs_hgb6_1|Device implant|corr_0_5"": {""cap"": 6.0, ""gamma"": 1.55}, ""risk_abs_hgb6_1|Device revision-generator-upgrade|corr_0_5"": {""cap"": 4.0, ""gamma"": 0.55}, ""risk_abs_hgb6_1|Diagnostic/testing|corr_0_5"": {""cap"": 4.0, ""gamma"": 1.5}, ""risk_abs_hgb6_2|AF/PVI ablation|corr_0_5"": {""cap"": 6.0, ""gamma"": 1.5}, ""risk_abs_hgb6_2|Device implant|corr_0_5"": {""cap"": 4.0, ""gamma"": 1.05}, ""risk_abs_hgb6_2|Device implant|corr_5_10"": {""cap"": 6.0, ""gamma"": 1.1500000000000001}, ""risk_abs_hgb6_3|AF/PVI ablation|corr_0_5"": {""cap"": 6.0, ""gamma"": 2.5}, ""risk_abs_hgb6_3|Device implant|corr_0_5"": {""cap"": 6.0, ""gamma"": 0.8500000000000001}, ""risk_abs_hgb6_3|Device revision-generator-upgrade|corr_0_5"": {""cap"": 4.0, ""gamma"": 1.4500000000000002}, ""risk_abs_hgb6_3|Other ablation|corr_0_5"": {""cap"": 6.0, ""gamma"": 1.8}, ""risk_abs_hgb6_4|AF/PVI ablation|corr_0_5"": {""cap"": 4.0, ""gamma"": 0.0}, ""risk_abs_hgb6_4|Device implant|corr_0_5"": {""cap"": 4.0, ""gamma"": 2.5}, ""risk_abs_hgb6_4|Device revision-generator-upgrade|corr_0_5"": {""cap"": 4.0, ""gamma"": 0.65}, ""risk_abs_hgb6_4|Other ablation|corr_0_5"": {""cap"": 4.0, ""gamma"": 1.8}, ""risk_abs_hgb6_4|VT/PVC ablation|corr_0_5"": {""cap"": 4.0, ""gamma"": 2.0500000000000003}, ""risk_abs_hgb6_5|AF/PVI ablation|corr_0_5"": {""cap"": 6.0, ""gamma"": 2.5}, ""risk_abs_hgb6_5|Other ablation|corr_0_5"": {""cap"": 4.0, ""gamma"": 2.5}, ""risk_abs_hgb6_5|VT/PVC ablation|corr_0_5"": {""cap"": 6.0, ""gamma"": 2.5}}, ""prefix"": ""risk_abs_hgb6"", ""score_full_oof_corr_target"": 0.4422417614982156, ""score_outer_corr_target"": 0.45189037198309095, ""selection"": ""strict nested score bins + outer GroupKFold category tuning""}"
tail30_hgb6_x_family_x_pls_gap_cap_gamma,32.810465783131875,32.796417788517424,31.650255197775756,31.77026365632957,0.12000845855381143,0.39098274040154984,-0.696170058470204,"{""edges"": [0.0, 3.669633042611258], ""k"": 6, ""min_n"": 160, ""n_params"": 20, ""params"": {""__GLOBAL__"": {""cap"": 12.0, ""gamma"": 1.0}, ""tail30_hgb6_all|AF/PVI ablation|pls_higher"": {""cap"": 15.0, ""gamma"": 1.8}, ""tail30_hgb6_all|AF/PVI ablation|pls_lower"": {""cap"": 15.0, ""gamma"": 1.8}, ""tail30_hgb6_all|AF/PVI ablation|pls_near"": {""cap"": 10.0, ""gamma"": 1.25}, ""tail30_hgb6_all|Device implant|pls_higher"": {""cap"": 4.0, ""gamma"": 1.05}, ""tail30_hgb6_all|Device implant|pls_lower"": {""cap"": 12.0, ""gamma"": 0.5}, ""tail30_hgb6_all|Device implant|pls_near"": {""cap"": 8.0, ""gamma"": 1.0}, ""tail30_hgb6_all|Device revision-generator-upgrade|pls_higher"": {""cap"": 12.0, ""gamma"": 0.75}, ""tail30_hgb6_all|Device revision-generator-upgrade|pls_lower"": {""cap"": 4.0, ""gamma"": 0.0}, ""tail30_hgb6_all|Device revision-generator-upgrade|pls_near"": {""cap"": 4.0, ""gamma"": 1.55}, ""tail30_hgb6_all|Diagnostic/testing|pls_higher"": {""cap"": 12.0, ""gamma"": 0.6000000000000001}, ""tail30_hgb6_all|Diagnostic/testing|pls_lower"": {""cap"": 4.0, ""gamma"": 0.0}, ""tail30_hgb6_all|Diagnostic/testing|pls_near"": {""cap"": 8.0, ""gamma"": 1.1}, ""tail30_hgb6_all|Other ablation|pls_higher"": {""cap"": 4.0, ""gamma"": 2.3000000000000003}, ""tail30_hgb6_all|Other ablation|pls_lower"": {""cap"": 6.0, ""gamma"": 1.0}, ""tail30_hgb6_all|Other ablation|pls_near"": {""cap"": 15.0, ""gamma"": 0.75}, ""tail30_hgb6_all|Other|pls_lower"": {""cap"": 4.0, ""gamma"": 0.0}, ""tail30_hgb6_all|Other|pls_near"": {""cap"": 8.0, ""gamma"": 0.45}, ""tail30_hgb6_all|VT/PVC ablation|pls_higher"": {""cap"": 12.0, ""gamma"": 2.5}, ""tail30_hgb6_all|VT/PVC ablation|pls_near"": {""cap"": 4.0, ""gamma"": 2.35}}, ""prefix"": ""tail30_hgb6"", ""score_full_oof_corr_target"": 0.02789071966324177, ""score_outer_corr_target"": 0.03176316717680254, ""selection"": ""strict nested score bins + outer GroupKFold category tuning""}"
tail30_hgb4_x_family_x_pls_gap_cap_gamma,32.810465783131875,32.796417788517424,31.650255197775756,31.77026365632957,0.12000845855381143,0.39098274040154984,-0.696170058470204,"{""edges"": [0.0, 3.669633042611258], ""k"": 4, ""min_n"": 160, ""n_params"": 20, ""params"": {""__GLOBAL__"": {""cap"": 12.0, ""gamma"": 1.0}, ""tail30_hgb4_all|AF/PVI ablation|pls_higher"": {""cap"": 15.0, ""gamma"": 1.8}, ""tail30_hgb4_all|AF/PVI ablation|pls_lower"": {""cap"": 15.0, ""gamma"": 1.8}, ""tail30_hgb4_all|AF/PVI ablation|pls_near"": {""cap"": 10.0, ""gamma"": 1.25}, ""tail30_hgb4_all|Device implant|pls_higher"": {""cap"": 4.0, ""gamma"": 1.05}, ""tail30_hgb4_all|Device implant|pls_lower"": {""cap"": 12.0, ""gamma"": 0.5}, ""tail30_hgb4_all|Device implant|pls_near"": {""cap"": 8.0, ""gamma"": 1.0}, ""tail30_hgb4_all|Device revision-generator-upgrade|pls_higher"": {""cap"": 12.0, ""gamma"": 0.75}, ""tail30_hgb4_all|Device revision-generator-upgrade|pls_lower"": {""cap"": 4.0, ""gamma"": 0.0}, ""tail30_hgb4_all|Device revision-generator-upgrade|pls_near"": {""cap"": 4.0, ""gamma"": 1.55}, ""tail30_hgb4_all|Diagnostic/testing|pls_higher"": {""cap"": 12.0, ""gamma"": 0.6000000000000001}, ""tail30_hgb4_all|Diagnostic/testing|pls_lower"": {""cap"": 4.0, ""gamma"": 0.0}, ""tail30_hgb4_all|Diagnostic/testing|pls_near"": {""cap"": 8.0, ""gamma"": 1.1}, ""tail30_hgb4_all|Other ablation|pls_higher"": {""cap"": 4.0, ""gamma"": 2.3000000000000003}, ""tail30_hgb4_all|Other ablation|pls_lower"": {""cap"": 6.0, ""gamma"": 1.0}, ""tail30_hgb4_all|Other ablation|pls_near"": {""cap"": 15.0, ""gamma"": 0.75}, ""tail30_hgb4_all|Other|pls_lower"": {""cap"": 4.0, ""gamma"": 0.0}, ""tail30_hgb4_all|Other|pls_near"": {""cap"": 8.0, ""gamma"": 0.45}, ""tail30_hgb4_all|VT/PVC ablation|pls_higher"": {""cap"": 12.0, ""gamma"": 2.5}, ""tail30_hgb4_all|VT/PVC ablation|pls_near"": {""cap"": 4.0, ""gamma"": 2.35}}, ""prefix"": ""tail30_hgb4"", ""score_full_oof_corr_target"": 0.02789071966324177, ""score_outer_corr_target"": 0.03176316717680254, ""selection"": ""strict nested score bins + outer GroupKFold category tuning""}"
gain_hgb8_cap_gamma,32.811250037184564,32.796417788517424,31.77956074214199,31.77026365632957,-0.009297085812418398,0.4839732300105671,-0.12332298747781087,"{""edges"": [-8.501954421212696, -0.19287473655847617, -0.028178175075020382, 0.02078968834837439, 0.062228626889188246, 0.1295408924129942, 0.26553958999957683, 0.6234694749935367, 9.487355324210593], ""k"": 8, ""min_n"": 80, ""n_params"": 9, ""params"": {""__GLOBAL__"": {""cap"": 12.0, ""gamma"": 1.0}, ""gain_hgb8_0"": {""cap"": 6.0, ""gamma"": 0.7000000000000001}, ""gain_hgb8_1"": {""cap"": 4.0, ""gamma"": 1.35}, ""gain_hgb8_2"": {""cap"": 4.0, ""gamma"": 1.0}, ""gain_hgb8_3"": {""cap"": 8.0, ""gamma"": 0.55}, ""gain_hgb8_4"": {""cap"": 4.0, ""gamma"": 1.35}, ""gain_hgb8_5"": {""cap"": 12.0, ""gamma"": 0.8500000000000001}, ""gain_hgb8_6"": {""cap"": 10.0, ""gamma"": 1.75}, ""gain_hgb8_7"": {""cap"": 12.0, ""gamma"": 1.1500000000000001}}, ""prefix"": ""gain_hgb8"", ""score_full_oof_corr_target"": 0.06293653092058399, ""score_outer_corr_target"": 0.08225073862060059, ""selection"": ""strict nested score bins + outer GroupKFold category tuning""}"
risk_abs_hgb8_x_family_cap_gamma,32.81272456023772,32.796417788517424,31.74965796837259,31.77026365632957,0.02060568795698198,0.40401549841493484,-0.5771071669464007,"{""edges"": [1.9783292451431858, 12.257170564800237, 15.937164693472493, 19.15760757371108, 22.208835826768734, 26.739639398982156, 32.97542825616486, 40.59822658652755, 83.5493438276934], ""k"": 8, ""min_n"": 120, ""n_params"": 29, ""params"": {""__GLOBAL__"": {""cap"": 12.0, ""gamma"": 1.0}, ""risk_abs_hgb8_0|Device implant"": {""cap"": 10.0, ""gamma"": 0.1}, ""risk_abs_hgb8_0|Device revision-generator-upgrade"": {""cap"": 4.0, ""gamma"": 0.8}, ""risk_abs_hgb8_0|Diagnostic/testing"": {""cap"": 8.0, ""gamma"": 0.25}, ""risk_abs_hgb8_0|Other"": {""cap"": 10.0, ""gamma"": 0.30000000000000004}, ""risk_abs_hgb8_0|Other ablation"": {""cap"": 10.0, ""gamma"": 0.7000000000000001}, ""risk_abs_hgb8_1|Device implant"": {""cap"": 10.0, ""gamma"": 0.9}, ""risk_abs_hgb8_1|Device revision-generator-upgrade"": {""cap"": 10.0, ""gamma"": 1.1}, ""risk_abs_hgb8_1|Diagnostic/testing"": {""cap"": 4.0, ""gamma"": 0.30000000000000004}, ""risk_abs_hgb8_1|Other ablation"": {""cap"": 4.0, ""gamma"": 1.85}, ""risk_abs_hgb8_2|AF/PVI ablation"": {""cap"": 6.0, ""gamma"": 0.65}, ""risk_abs_hgb8_2|Device implant"": {""cap"": 4.0, ""gamma"": 1.3}, ""risk_abs_hgb8_2|Device revision-generator-upgrade"": {""cap"": 4.0, ""gamma"": 0.0}, ""risk_abs_hgb8_3|AF/PVI ablation"": {""cap"": 15.0, ""gamma"": 2.3000000000000003}, ""risk_abs_hgb8_3|Device implant"": {""cap"": 10.0, ""gamma"": 1.1500000000000001}, ""risk_abs_hgb8_4|AF/PVI ablation"": {""cap"": 15.0, ""gamma"": 2.5}, ""risk_abs_hgb8_4|Device implant"": {""cap"": 15.0, ""gamma"": 0.4}, ""risk_abs_hgb8_4|Device revision-generator-upgrade"": {""cap"": 20.0, ""gamma"": 1.9000000000000001}, ""risk_abs_hgb8_4|Other ablation"": {""cap"": 4.0, ""gamma"": 2.25}, ""risk_abs_hgb8_5|AF/PVI ablation"": {""cap"": 15.0, ""gamma"": 0.8500000000000001}, ""risk_abs_hgb8_5|Device implant"": {""cap"": 4.0, ""gamma"": 0.75}, ""risk_abs_hgb8_5|Device revision-generator-upgrade"": {""cap"": 4.0, ""gamma"": 2.5}, ""risk_abs_hgb8_5|Other ablation"": {""cap"": 4.0, ""gamma"": 0.0}, ""risk_abs_hgb8_6|AF/PVI ablation"": {""cap"": 12.0, ""gamma"": 1.2000000000000002}, ""risk_abs_hgb8_6|Other ablation"": {""cap"": 10.0, ""gamma"": 2.5}, ""risk_abs_hgb8_6|VT/PVC ablation"": {""cap"": 15.0, ""gamma"": 2.5}, ""risk_abs_hgb8_7|AF/PVI ablation"": {""cap"": 15.0, ""gamma"": 2.5}, ""risk_abs_hgb8_7|Other ablation"": {""cap"": 4.0, ""gamma"": 1.3}, ""risk_abs_hgb8_7|VT/PVC ablation"": {""cap"": 8.0, ""gamma"": 2.5}}, ""prefix"": ""risk_abs_hgb8"", ""score_full_oof_corr_target"": 0.4422417614982156, ""score_outer_corr_target"": 0.45189037198309095, ""selection"": ""strict nested score bins + outer GroupKFold category tuning""}"
gain_hgb6_cap_gamma,32.81957731258891,32.796417788517424,31.747348770771435,31.77026365632957,0.02291488555813285,0.5040507220852413,-0.35299193605299356,"{""edges"": [-8.501954421212696, -0.10530280627960992, 0.00880054793541582, 0.062228626889188246, 0.1641610557585274, 0.45216378051017503, 9.487355324210593], ""k"": 6, ""min_n"": 80, ""n_params"": 7, ""params"": {""__GLOBAL__"": {""cap"": 12.0, ""gamma"": 1.0}, ""gain_hgb6_0"": {""cap"": 4.0, ""gamma"": 1.0}, ""gain_hgb6_1"": {""cap"": 10.0, ""gamma"": 0.65}, ""gain_hgb6_2"": {""cap"": 6.0, ""gamma"": 0.9500000000000001}, ""gain_hgb6_3"": {""cap"": 4.0, ""gamma"": 1.35}, ""gain_hgb6_4"": {""cap"": 15.0, ""gamma"": 1.2000000000000002}, ""gain_hgb6_5"": {""cap"": 12.0, ""gamma"": 1.2000000000000002}}, ""prefix"": ""gain_hgb6"", ""score_full_oof_corr_target"": 0.06293653092058399, ""score_outer_corr_target"": 0.08225073862060059, ""selection"": ""strict nested score bins + outer GroupKFold category tuning""}"
signed_resid_hgb8_x_family_x_corr_size_cap_gamma,32.82024048524317,32.796417788517424,31.785664319060317,31.77026365632957,-0.01540066273075101,0.25184924269108844,-0.13603698857934962,"{""edges"": [-36.394729312286685, -1.4415466660669454, 0.7998021286356419, 2.2312843908395807, 3.379415645436214, 4.861290200452126, 7.359010933569259, 13.443640785830071, 126.66865975908695], ""k"": 8, ""min_n"": 140, ""n_params"": 26, ""params"": {""__GLOBAL__"": {""cap"": 12.0, ""gamma"": 1.0}, ""signed_resid_hgb8_0|AF/PVI ablation|corr_0_5"": {""cap"": 4.0, ""gamma"": 0.0}, ""signed_resid_hgb8_0|Device implant|corr_0_5"": {""cap"": 6.0, ""gamma"": 0.05}, ""signed_resid_hgb8_1|AF/PVI ablation|corr_0_5"": {""cap"": 6.0, ""gamma"": 2.5}, ""signed_resid_hgb8_1|Device implant|corr_0_5"": {""cap"": 4.0, ""gamma"": 0.8}, ""signed_resid_hgb8_1|Device revision-generator-upgrade|corr_0_5"": {""cap"": 4.0, ""gamma"": 1.4000000000000001}, ""signed_resid_hgb8_1|Diagnostic/testing|corr_0_5"": {""cap"": 4.0, ""gamma"": 0.4}, ""signed_resid_hgb8_2|AF/PVI ablation|corr_0_5"": {""cap"": 4.0, ""gamma"": 0.0}, ""signed_resid_hgb8_2|Device implant|corr_0_5"": {""cap"": 4.0, ""gamma"": 0.8}, ""signed_resid_hgb8_2|Device revision-generator-upgrade|corr_0_5"": {""cap"": 4.0, ""gamma"": 0.9}, ""signed_resid_hgb8_2|Diagnostic/testing|corr_0_5"": {""cap"": 4.0, ""gamma"": 0.0}, ""signed_resid_hgb8_3|AF/PVI ablation|corr_0_5"": {""cap"": 6.0, ""gamma"": 2.15}, ""signed_resid_hgb8_3|Device implant|corr_0_5"": {""cap"": 4.0, ""gamma"": 0.4}, ""signed_resid_hgb8_3|Device revision-generator-upgrade|corr_0_5"": {""cap"": 4.0, ""gamma"": 1.55}, ""signed_resid_hgb8_4|AF/PVI ablation|corr_0_5"": {""cap"": 6.0, ""gamma"": 1.05}, ""signed_resid_hgb8_4|Device implant|corr_0_5"": {""cap"": 4.0, ""gamma"": 1.55}, ""signed_resid_hgb8_4|Device revision-generator-upgrade|corr_0_5"": {""cap"": 4.0, ""gamma"": 1.4500000000000002}, ""signed_resid_hgb8_5|AF/PVI ablation|corr_0_5"": {""cap"": 6.0, ""gamma"": 1.55}, ""signed_resid_hgb8_5|Device implant|corr_0_5"": {""cap"": 6.0, ""gamma"": 1.6500000000000001}, ""signed_resid_hgb8_5|Other ablation|corr_0_5"": {""cap"": 4.0, ""gamma"": 0.0}, ""signed_resid_hgb8_6|AF/PVI ablation|corr_0_5"": {""cap"": 6.0, ""gamma"": 1.05}, ""signed_resid_hgb8_6|Device implant|corr_0_5"": {""cap"": 4.0, ""gamma"": 0.2}, ""signed_resid_hgb8_6|Other ablation|corr_0_5"": {""cap"": 4.0, ""gamma"": 2.4000000000000004}, ""signed_resid_hgb8_7|AF/PVI ablation|corr_0_5"": {""cap"": 6.0, ""gamma"": 2.5}, ""signed_resid_hgb8_7|Other ablation|corr_0_5"": {""cap"": 6.0, ""gamma"": 2.5}, ""signed_resid_hgb8_7|VT/PVC ablation|corr_0_5"": {""cap"": 6.0, ""gamma"": 2.5}}, ""prefix"": ""signed_resid_hgb8"", ""score_full_oof_corr_target"": 0.11299593581566095, ""score_outer_corr_target"": 0.07925917720932729, ""selection"": ""strict nested score bins + outer GroupKFold category tuning""}"
risk_abs_et4_x_family_x_corr_size_cap_gamma,32.82025321260326,32.796417788517424,31.801904719360767,31.77026365632957,-0.031641063031203384,0.34166960197252555,-0.11410305582050448,"{""edges"": [6.352691899063436, 19.487026756865063, 29.41380409940564, 41.912765305301086, 114.33610381994642], ""k"": 4, ""min_n"": 140, ""n_params"": 21, ""params"": {""__GLOBAL__"": {""cap"": 12.0, ""gamma"": 1.0}, ""risk_abs_et4_0|Device implant|corr_0_5"": {""cap"": 4.0, ""gamma"": 0.8500000000000001}, ""risk_abs_et4_0|Device revision-generator-upgrade|corr_0_5"": {""cap"": 4.0, ""gamma"": 1.4000000000000001}, ""risk_abs_et4_0|Diagnostic/testing|corr_0_5"": {""cap"": 6.0, ""gamma"": 0.4}, ""risk_abs_et4_0|Other ablation|corr_0_5"": {""cap"": 4.0, ""gamma"": 0.9}, ""risk_abs_et4_0|Other|corr_0_5"": {""cap"": 6.0, ""gamma"": 0.25}, ""risk_abs_et4_1|AF/PVI ablation|corr_0_5"": {""cap"": 4.0, ""gamma"": 1.3}, ""risk_abs_et4_1|Device implant|corr_0_5"": {""cap"": 6.0, ""gamma"": 1.1}, ""risk_abs_et4_1|Device implant|corr_5_10"": {""cap"": 4.0, ""gamma"": 0.65}, ""risk_abs_et4_1|Device revision-generator-upgrade|corr_0_5"": {""cap"": 4.0, ""gamma"": 0.45}, ""risk_abs_et4_2|AF/PVI ablation|corr_0_5"": {""cap"": 4.0, ""gamma"": 0.0}, ""risk_abs_et4_2|Device implant|corr_0_5"": {""cap"": 4.0, ""gamma"": 0.8}, ""risk_abs_et4_2|Device revision-generator-upgrade|corr_0_5"": {""cap"": 4.0, ""gamma"": 2.5}, ""risk_abs_et4_2|Other ablation|corr_0_5"": {""cap"": 4.0, ""gamma"": 1.8}, ""risk_abs_et4_2|VT/PVC ablation|corr_0_5"": {""cap"": 4.0, ""gamma"": 2.5}, ""risk_abs_et4_3|AF/PVI ablation|corr_0_5"": {""cap"": 6.0, ""gamma"": 2.4000000000000004}, ""risk_abs_et4_3|Device implant|corr_0_5"": {""cap"": 4.0, ""gamma"": 0.15000000000000002}, ""risk_abs_et4_3|Device revision-generator-upgrade|corr_0_5"": {""cap"": 4.0, ""gamma"": 0.0}, ""risk_abs_et4_3|Other ablation|corr_0_5"": {""cap"": 4.0, ""gamma"": 2.5}, ""risk_abs_et4_3|VT/PVC ablation|corr_0_5"": {""cap"": 4.0, ""gamma"": 2.5}, ""risk_abs_et4_3|VT/PVC ablation|corr_5_10"": {""cap"": 10.0, ""gamma"": 2.5}}, ""prefix"": ""risk_abs_et4"", ""score_full_oof_corr_target"": 0.4501747027581791, ""score_outer_corr_target"": 0.45693597204381015, ""selection"": ""strict nested score bins + outer GroupKFold category tuning""}"
signed_resid_hgb6_x_family_x_corr_size_cap_gamma,32.82138396839677,32.796417788517424,31.784864339357128,31.77026365632957,-0.014600683027562962,0.28495949277914756,-0.130310816027926,"{""edges"": [-36.394729312286685, -0.500895356230035, 1.8191093179018838, 3.379415645436214, 5.531296363975679, 10.574770899110685, 126.66865975908695], ""k"": 6, ""min_n"": 140, ""n_params"": 29, ""params"": {""__GLOBAL__"": {""cap"": 12.0, ""gamma"": 1.0}, ""signed_resid_hgb6_0|AF/PVI ablation|corr_0_5"": {""cap"": 4.0, ""gamma"": 0.0}, ""signed_resid_hgb6_0|Device implant|corr_0_5"": {""cap"": 4.0, ""gamma"": 0.0}, ""signed_resid_hgb6_0|Device revision-generator-upgrade|corr_0_5"": {""cap"": 4.0, ""gamma"": 0.0}, ""signed_resid_hgb6_0|Diagnostic/testing|corr_0_5"": {""cap"": 6.0, ""gamma"": 1.1500000000000001}, ""signed_resid_hgb6_0|Other ablation|corr_0_5"": {""cap"": 4.0, ""gamma"": 0.65}, ""signed_resid_hgb6_0|VT/PVC ablation|corr_0_5"": {""cap"": 4.0, ""gamma"": 2.0500000000000003}, ""signed_resid_hgb6_1|AF/PVI ablation|corr_0_5"": {""cap"": 4.0, ""gamma"": 0.0}, ""signed_resid_hgb6_1|Device implant|corr_0_5"": {""cap"": 6.0, ""gamma"": 2.2}, ""signed_resid_hgb6_1|Device revision-generator-upgrade|corr_0_5"": {""cap"": 6.0, ""gamma"": 1.4000000000000001}, ""signed_resid_hgb6_1|Diagnostic/testing|corr_0_5"": {""cap"": 4.0, ""gamma"": 0.0}, ""signed_resid_hgb6_1|Other ablation|corr_0_5"": {""cap"": 4.0, ""gamma"": 0.0}, ""signed_resid_hgb6_2|AF/PVI ablation|corr_0_5"": {""cap"": 6.0, ""gamma"": 1.5}, ""signed_resid_hgb6_2|Device implant|corr_0_5"": {""cap"": 4.0, ""gamma"": 0.5}, ""signed_resid_hgb6_2|Device revision-generator-upgrade|corr_0_5"": {""cap"": 6.0, ""gamma"": 1.5}, ""signed_resid_hgb6_2|Diagnostic/testing|corr_0_5"": {""cap"": 6.0, ""gamma"": 0.35000000000000003}, ""signed_resid_hgb6_2|Other ablation|corr_0_5"": {""cap"": 4.0, ""gamma"": 2.4000000000000004}, ""signed_resid_hgb6_3|AF/PVI ablation|corr_0_5"": {""cap"": 4.0, ""gamma"": 1.6}, ""signed_resid_hgb6_3|Device implant|corr_0_5"": {""cap"": 4.0, ""gamma"": 1.6}, ""signed_resid_hgb6_3|Device revision-generator-upgrade|corr_0_5"": {""cap"": 4.0, ""gamma"": 1.4500000000000002}, ""signed_resid_hgb6_3|Other ablation|corr_0_5"": {""cap"": 6.0, ""gamma"": 0.6000000000000001}, ""signed_resid_hgb6_4|AF/PVI ablation|corr_0_5"": {""cap"": 6.0, ""gamma"": 1.05}, ""signed_resid_hgb6_4|Device implant|corr_0_5"": {""cap"": 6.0, ""gamma"": 0.8}, ""signed_resid_hgb6_4|Device revision-generator-upgrade|corr_0_5"": {""cap"": 4.0, ""gamma"": 0.2}, ""signed_resid_hgb6_4|Other ablation|corr_0_5"": {""cap"": 4.0, ""gamma"": 0.8500000000000001}, ""signed_resid_hgb6_5|AF/PVI ablation|corr_0_5"": {""cap"": 6.0, ""gamma"": 2.1}, ""signed_resid_hgb6_5|Device implant|corr_0_5"": {""cap"": 4.0, ""gamma"": 2.5}, ""signed_resid_hgb6_5|Other ablation|corr_0_5"": {""cap"": 4.0, ""gamma"": 2.5}, ""signed_resid_hgb6_5|VT/PVC ablation|corr_0_5"": {""cap"": 6.0, ""gamma"": 2.5}}, ""prefix"": ""signed_resid_hgb6"", ""score_full_oof_corr_target"": 0.11299593581566095, ""score_outer_corr_target"": 0.07925917720932729, ""selection"": ""strict nested score bins + outer GroupKFold category tuning""}"
risk_abs_et8_x_family_x_corr_size_cap_gamma,32.82226384644415,32.796417788517424,31.842805734886014,31.77026365632957,-0.0725420785564444,0.28601620288834095,-0.08541960548322962,"{""edges"": [6.352691899063436, 14.966480276553098, 19.487026756865063, 24.511979619176035, 29.41380409940564, 35.295413803349064, 41.912765305301086, 52.97068118189314, 114.33610381994642], ""k"": 8, ""min_n"": 140, ""n_params"": 26, ""params"": {""__GLOBAL__"": {""cap"": 12.0, ""gamma"": 1.0}, ""risk_abs_et8_0|Device implant|corr_0_5"": {""cap"": 4.0, ""gamma"": 0.45}, ""risk_abs_et8_0|Device revision-generator-upgrade|corr_0_5"": {""cap"": 4.0, ""gamma"": 1.4000000000000001}, ""risk_abs_et8_0|Other ablation|corr_0_5"": {""cap"": 4.0, ""gamma"": 0.6000000000000001}, ""risk_abs_et8_0|Other|corr_0_5"": {""cap"": 4.0, ""gamma"": 0.30000000000000004}, ""risk_abs_et8_1|Device implant|corr_0_5"": {""cap"": 4.0, ""gamma"": 1.55}, ""risk_abs_et8_1|Device revision-generator-upgrade|corr_0_5"": {""cap"": 6.0, ""gamma"": 1.2000000000000002}, ""risk_abs_et8_1|Diagnostic/testing|corr_0_5"": {""cap"": 6.0, ""gamma"": 0.65}, ""risk_abs_et8_2|AF/PVI ablation|corr_0_5"": {""cap"": 6.0, ""gamma"": 0.55}, ""risk_abs_et8_2|Device implant|corr_0_5"": {""cap"": 6.0, ""gamma"": 1.6}, ""risk_abs_et8_2|Device implant|corr_5_10"": {""cap"": 10.0, ""gamma"": 0.30000000000000004}, ""risk_abs_et8_2|Device revision-generator-upgrade|corr_0_5"": {""cap"": 4.0, ""gamma"": 0.0}, ""risk_abs_et8_3|AF/PVI ablation|corr_0_5"": {""cap"": 4.0, ""gamma"": 2.3000000000000003}, ""risk_abs_et8_3|Device implant|corr_0_5"": {""cap"": 6.0, ""gamma"": 0.4}, ""risk_abs_et8_4|AF/PVI ablation|corr_0_5"": {""cap"": 6.0, ""gamma"": 1.05}, ""risk_abs_et8_4|Device implant|corr_0_5"": {""cap"": 4.0, ""gamma"": 0.45}, ""risk_abs_et8_4|Other ablation|corr_0_5"": {""cap"": 4.0, ""gamma"": 1.85}, ""risk_abs_et8_5|AF/PVI ablation|corr_0_5"": {""cap"": 4.0, ""gamma"": 0.0}, ""risk_abs_et8_5|Device implant|corr_0_5"": {""cap"": 6.0, ""gamma"": 1.6}, ""risk_abs_et8_5|Other ablation|corr_0_5"": {""cap"": 4.0, ""gamma"": 1.4000000000000001}, ""risk_abs_et8_6|AF/PVI ablation|corr_0_5"": {""cap"": 6.0, ""gamma"": 2.25}, ""risk_abs_et8_6|Other ablation|corr_0_5"": {""cap"": 4.0, ""gamma"": 2.0}, ""risk_abs_et8_6|VT/PVC ablation|corr_0_5"": {""cap"": 4.0, ""gamma"": 2.0500000000000003}, ""risk_abs_et8_7|AF/PVI ablation|corr_0_5"": {""cap"": 6.0, ""gamma"": 2.5}, ""risk_abs_et8_7|Other ablation|corr_0_5"": {""cap"": 4.0, ""gamma"": 2.5}, ""risk_abs_et8_7|VT/PVC ablation|corr_0_5"": {""cap"": 6.0, ""gamma"": 2.5}}, ""prefix"": ""risk_abs_et8"", ""score_full_oof_corr_target"": 0.4501747027581791, ""score_outer_corr_target"": 0.45693597204381015, ""selection"": ""strict nested score bins + outer GroupKFold category tuning""}"
risk_abs_hgb8_x_family_x_corr_size_cap_gamma,32.82361814385426,32.796417788517424,31.871390082438538,31.77026365632957,-0.10112642610896738,0.2726312081718915,-0.12718526735487223,"{""edges"": [1.9783292451431858, 12.257170564800237, 15.937164693472493, 19.15760757371108, 22.208835826768734, 26.739639398982156, 32.97542825616486, 40.59822658652755, 83.5493438276934], ""k"": 8, ""min_n"": 140, ""n_params"": 24, ""params"": {""__GLOBAL__"": {""cap"": 12.0, ""gamma"": 1.0}, ""risk_abs_hgb8_0|Device implant|corr_0_5"": {""cap"": 4.0, ""gamma"": 0.0}, ""risk_abs_hgb8_0|Device revision-generator-upgrade|corr_0_5"": {""cap"": 4.0, ""gamma"": 1.05}, ""risk_abs_hgb8_0|Other ablation|corr_0_5"": {""cap"": 4.0, ""gamma"": 0.5}, ""risk_abs_hgb8_0|Other|corr_0_5"": {""cap"": 6.0, ""gamma"": 0.25}, ""risk_abs_hgb8_1|Device implant|corr_0_5"": {""cap"": 4.0, ""gamma"": 1.0}, ""risk_abs_hgb8_1|Device revision-generator-upgrade|corr_0_5"": {""cap"": 6.0, ""gamma"": 1.4000000000000001}, ""risk_abs_hgb8_1|Diagnostic/testing|corr_0_5"": {""cap"": 4.0, ""gamma"": 0.75}, ""risk_abs_hgb8_2|Device implant|corr_0_5"": {""cap"": 6.0, ""gamma"": 1.55}, ""risk_abs_hgb8_3|AF/PVI ablation|corr_0_5"": {""cap"": 6.0, ""gamma"": 1.05}, ""risk_abs_hgb8_3|Device implant|corr_0_5"": {""cap"": 4.0, ""gamma"": 1.05}, ""risk_abs_hgb8_4|AF/PVI ablation|corr_0_5"": {""cap"": 6.0, ""gamma"": 2.5}, ""risk_abs_hgb8_4|Device implant|corr_0_5"": {""cap"": 6.0, ""gamma"": 0.4}, ""risk_abs_hgb8_4|Other ablation|corr_0_5"": {""cap"": 4.0, ""gamma"": 2.5}, ""risk_abs_hgb8_5|AF/PVI ablation|corr_0_5"": {""cap"": 4.0, ""gamma"": 0.0}, ""risk_abs_hgb8_5|Device implant|corr_0_5"": {""cap"": 6.0, ""gamma"": 1.6500000000000001}, ""risk_abs_hgb8_5|Device revision-generator-upgrade|corr_0_5"": {""cap"": 4.0, ""gamma"": 2.5}, ""risk_abs_hgb8_5|Other ablation|corr_0_5"": {""cap"": 4.0, ""gamma"": 0.0}, ""risk_abs_hgb8_6|AF/PVI ablation|corr_0_5"": {""cap"": 6.0, ""gamma"": 1.35}, ""risk_abs_hgb8_6|Other ablation|corr_0_5"": {""cap"": 4.0, ""gamma"": 2.5}, ""risk_abs_hgb8_6|VT/PVC ablation|corr_0_5"": {""cap"": 4.0, ""gamma"": 2.5}, ""risk_abs_hgb8_7|AF/PVI ablation|corr_0_5"": {""cap"": 6.0, ""gamma"": 2.5}, ""risk_abs_hgb8_7|Other ablation|corr_0_5"": {""cap"": 4.0, ""gamma"": 2.5}, ""risk_abs_hgb8_7|VT/PVC ablation|corr_0_5"": {""cap"": 6.0, ""gamma"": 2.5}}, ""prefix"": ""risk_abs_hgb8"", ""score_full_oof_corr_target"": 0.4422417614982156, ""score_outer_corr_target"": 0.45189037198309095, ""selection"": ""strict nested score bins + outer GroupKFold category tuning""}"
gain_hgb8_x_family_x_corr_size_cap_gamma,32.82496809920101,32.796417788517424,31.777639852350926,31.77026365632957,-0.007376196021361681,0.2884818598097922,0.14972852165817124,"{""edges"": [-8.501954421212696, -0.19287473655847617, -0.028178175075020382, 0.02078968834837439, 0.062228626889188246, 0.1295408924129942, 0.26553958999957683, 0.6234694749935367, 9.487355324210593], ""k"": 8, ""min_n"": 140, ""n_params"": 27, ""params"": {""__GLOBAL__"": {""cap"": 12.0, ""gamma"": 1.0}, ""gain_hgb8_0|AF/PVI ablation|corr_0_5"": {""cap"": 6.0, ""gamma"": 0.7000000000000001}, ""gain_hgb8_0|Device implant|corr_0_5"": {""cap"": 4.0, ""gamma"": 0.5}, ""gain_hgb8_1|AF/PVI ablation|corr_0_5"": {""cap"": 4.0, ""gamma"": 2.5}, ""gain_hgb8_1|Device implant|corr_0_5"": {""cap"": 4.0, ""gamma"": 0.9500000000000001}, ""gain_hgb8_1|Device revision-generator-upgrade|corr_0_5"": {""cap"": 4.0, ""gamma"": 0.8500000000000001}, ""gain_hgb8_2|AF/PVI ablation|corr_0_5"": {""cap"": 6.0, ""gamma"": 1.6}, ""gain_hgb8_2|Device implant|corr_0_5"": {""cap"": 6.0, ""gamma"": 0.45}, ""gain_hgb8_2|Device revision-generator-upgrade|corr_0_5"": {""cap"": 6.0, ""gamma"": 1.2000000000000002}, ""gain_hgb8_3|AF/PVI ablation|corr_0_5"": {""cap"": 4.0, ""gamma"": 0.0}, ""gain_hgb8_3|Device implant|corr_0_5"": {""cap"": 4.0, ""gamma"": 2.15}, ""gain_hgb8_3|Device revision-generator-upgrade|corr_0_5"": {""cap"": 4.0, ""gamma"": 0.0}, ""gain_hgb8_3|Other ablation|corr_0_5"": {""cap"": 6.0, ""gamma"": 1.4500000000000002}, ""gain_hgb8_4|AF/PVI ablation|corr_0_5"": {""cap"": 4.0, ""gamma"": 1.3}, ""gain_hgb8_4|Device implant|corr_0_5"": {""cap"": 4.0, ""gamma"": 1.55}, ""gain_hgb8_4|Device revision-generator-upgrade|corr_0_5"": {""cap"": 4.0, ""gamma"": 1.9000000000000001}, ""gain_hgb8_4|Other ablation|corr_0_5"": {""cap"": 4.0, ""gamma"": 0.0}, ""gain_hgb8_5|AF/PVI ablation|corr_0_5"": {""cap"": 6.0, ""gamma"": 0.2}, ""gain_hgb8_5|Device implant|corr_0_5"": {""cap"": 6.0, ""gamma"": 0.75}, ""gain_hgb8_5|Device revision-generator-upgrade|corr_0_5"": {""cap"": 4.0, ""gamma"": 0.9500000000000001}, ""gain_hgb8_5|Other ablation|corr_0_5"": {""cap"": 4.0, ""gamma"": 0.2}, ""gain_hgb8_6|AF/PVI ablation|corr_0_5"": {""cap"": 4.0, ""gamma"": 0.0}, ""gain_hgb8_6|Device implant|corr_0_5"": {""cap"": 6.0, ""gamma"": 1.6}, ""gain_hgb8_6|Device revision-generator-upgrade|corr_0_5"": {""cap"": 4.0, ""gamma"": 2.3000000000000003}, ""gain_hgb8_6|Other ablation|corr_0_5"": {""cap"": 6.0, ""gamma"": 1.9500000000000002}, ""gain_hgb8_7|AF/PVI ablation|corr_5_10"": {""cap"": 10.0, ""gamma"": 1.7000000000000002}, ""gain_hgb8_7|Device implant|corr_5_10"": {""cap"": 6.0, ""gamma"": 0.9}}, ""prefix"": ""gain_hgb8"", ""score_full_oof_corr_target"": 0.06293653092058399, ""score_outer_corr_target"": 0.08225073862060059, ""selection"": ""strict nested score bins + outer GroupKFold category tuning""}"
risk_abs_et5_x_family_x_corr_size_cap_gamma,32.82867371975934,32.796417788517424,31.81277249215858,31.77026365632957,-0.042508835829010064,0.31595632264882,-0.012591354388351097,"{""edges"": [6.352691899063436, 17.430325755885978, 25.531286817907333, 34.182257744171274, 45.906620725681556, 114.33610381994642], ""k"": 5, ""min_n"": 140, ""n_params"": 23, ""params"": {""__GLOBAL__"": {""cap"": 12.0, ""gamma"": 1.0}, ""risk_abs_et5_0|Device implant|corr_0_5"": {""cap"": 4.0, ""gamma"": 0.25}, ""risk_abs_et5_0|Device revision-generator-upgrade|corr_0_5"": {""cap"": 4.0, ""gamma"": 1.35}, ""risk_abs_et5_0|Diagnostic/testing|corr_0_5"": {""cap"": 4.0, ""gamma"": 0.35000000000000003}, ""risk_abs_et5_0|Other ablation|corr_0_5"": {""cap"": 4.0, ""gamma"": 0.8}, ""risk_abs_et5_0|Other|corr_0_5"": {""cap"": 6.0, ""gamma"": 0.25}, ""risk_abs_et5_1|AF/PVI ablation|corr_0_5"": {""cap"": 6.0, ""gamma"": 1.0}, ""risk_abs_et5_1|Device implant|corr_0_5"": {""cap"": 6.0, ""gamma"": 1.6500000000000001}, ""risk_abs_et5_1|Device implant|corr_5_10"": {""cap"": 10.0, ""gamma"": 0.30000000000000004}, ""risk_abs_et5_1|Device revision-generator-upgrade|corr_0_5"": {""cap"": 4.0, ""gamma"": 0.6000000000000001}, ""risk_abs_et5_1|Diagnostic/testing|corr_0_5"": {""cap"": 4.0, ""gamma"": 1.05}, ""risk_abs_et5_2|AF/PVI ablation|corr_0_5"": {""cap"": 6.0, ""gamma"": 1.5}, ""risk_abs_et5_2|Device implant|corr_0_5"": {""cap"": 4.0, ""gamma"": 0.65}, ""risk_abs_et5_2|Device revision-generator-upgrade|corr_0_5"": {""cap"": 4.0, ""gamma"": 2.1}, ""risk_abs_et5_2|Other ablation|corr_0_5"": {""cap"": 6.0, ""gamma"": 1.35}, ""risk_abs_et5_3|AF/PVI ablation|corr_0_5"": {""cap"": 4.0, ""gamma"": 0.0}, ""risk_abs_et5_3|Device implant|corr_0_5"": {""cap"": 6.0, ""gamma"": 1.1}, ""risk_abs_et5_3|Device revision-generator-upgrade|corr_0_5"": {""cap"": 4.0, ""gamma"": 2.5}, ""risk_abs_et5_3|Other ablation|corr_0_5"": {""cap"": 4.0, ""gamma"": 2.25}, ""risk_abs_et5_3|VT/PVC ablation|corr_0_5"": {""cap"": 6.0, ""gamma"": 2.5}, ""risk_abs_et5_4|AF/PVI ablation|corr_0_5"": {""cap"": 6.0, ""gamma"": 2.5}, ""risk_abs_et5_4|Other ablation|corr_0_5"": {""cap"": 4.0, ""gamma"": 1.9500000000000002}, ""risk_abs_et5_4|VT/PVC ablation|corr_0_5"": {""cap"": 4.0, ""gamma"": 2.5}}, ""prefix"": ""risk_abs_et5"", ""score_full_oof_corr_target"": 0.4501747027581791, ""score_outer_corr_target"": 0.45693597204381015, ""selection"": ""strict nested score bins + outer GroupKFold category tuning""}"
risk_abs_hgb5_x_family_x_corr_size_cap_gamma,32.83059899732976,32.796417788517424,31.87660474088655,31.77026365632957,-0.10634108455697763,0.3384994716449454,-0.095500845775494,"{""edges"": [1.9783292451431858, 14.498340503208244, 19.730197937526224, 25.679188741297075, 35.81625253010907, 83.5493438276934], ""k"": 5, ""min_n"": 140, ""n_params"": 23, ""params"": {""__GLOBAL__"": {""cap"": 12.0, ""gamma"": 1.0}, ""risk_abs_hgb5_0|Device implant|corr_0_5"": {""cap"": 4.0, ""gamma"": 0.5}, ""risk_abs_hgb5_0|Device revision-generator-upgrade|corr_0_5"": {""cap"": 4.0, ""gamma"": 1.35}, ""risk_abs_hgb5_0|Diagnostic/testing|corr_0_5"": {""cap"": 6.0, ""gamma"": 0.1}, ""risk_abs_hgb5_0|Other ablation|corr_0_5"": {""cap"": 4.0, ""gamma"": 0.65}, ""risk_abs_hgb5_0|Other|corr_0_5"": {""cap"": 4.0, ""gamma"": 0.5}, ""risk_abs_hgb5_1|AF/PVI ablation|corr_0_5"": {""cap"": 4.0, ""gamma"": 0.0}, ""risk_abs_hgb5_1|Device implant|corr_0_5"": {""cap"": 6.0, ""gamma"": 1.55}, ""risk_abs_hgb5_1|Device implant|corr_5_10"": {""cap"": 4.0, ""gamma"": 0.6000000000000001}, ""risk_abs_hgb5_1|Device revision-generator-upgrade|corr_0_5"": {""cap"": 4.0, ""gamma"": 0.6000000000000001}, ""risk_abs_hgb5_1|Diagnostic/testing|corr_0_5"": {""cap"": 4.0, ""gamma"": 1.5}, ""risk_abs_hgb5_2|AF/PVI ablation|corr_0_5"": {""cap"": 6.0, ""gamma"": 2.45}, ""risk_abs_hgb5_2|Device implant|corr_0_5"": {""cap"": 4.0, ""gamma"": 0.45}, ""risk_abs_hgb5_2|Device revision-generator-upgrade|corr_0_5"": {""cap"": 4.0, ""gamma"": 1.55}, ""risk_abs_hgb5_2|Other ablation|corr_0_5"": {""cap"": 6.0, ""gamma"": 2.5}, ""risk_abs_hgb5_3|AF/PVI ablation|corr_0_5"": {""cap"": 4.0, ""gamma"": 0.0}, ""risk_abs_hgb5_3|Device implant|corr_0_5"": {""cap"": 4.0, ""gamma"": 2.35}, ""risk_abs_hgb5_3|Device revision-generator-upgrade|corr_0_5"": {""cap"": 4.0, ""gamma"": 2.5}, ""risk_abs_hgb5_3|Other ablation|corr_0_5"": {""cap"": 4.0, ""gamma"": 0.75}, ""risk_abs_hgb5_3|VT/PVC ablation|corr_0_5"": {""cap"": 6.0, ""gamma"": 1.85}, ""risk_abs_hgb5_4|AF/PVI ablation|corr_0_5"": {""cap"": 6.0, ""gamma"": 2.5}, ""risk_abs_hgb5_4|Other ablation|corr_0_5"": {""cap"": 4.0, ""gamma"": 2.5}, ""risk_abs_hgb5_4|VT/PVC ablation|corr_0_5"": {""cap"": 6.0, ""gamma"": 2.5}}, ""prefix"": ""risk_abs_hgb5"", ""score_full_oof_corr_target"": 0.4422417614982156, ""score_outer_corr_target"": 0.45189037198309095, ""selection"": ""strict nested score bins + outer GroupKFold category tuning""}"
gain_hgb4_x_family_x_corr_size_cap_gamma,32.83542630188117,32.796417788517424,31.77946551629373,31.77026365632957,-0.009201859964158614,0.36174709404719974,-0.16548901252381149,"{""edges"": [-8.501954421212696, -0.028178175075020382, 0.062228626889188246, 0.26553958999957683, 9.487355324210593], ""k"": 4, ""min_n"": 140, ""n_params"": 29, ""params"": {""__GLOBAL__"": {""cap"": 12.0, ""gamma"": 1.0}, ""gain_hgb4_0|AF/PVI ablation|corr_0_5"": {""cap"": 6.0, ""gamma"": 1.1500000000000001}, ""gain_hgb4_0|Device implant|corr_0_5"": {""cap"": 4.0, ""gamma"": 0.6000000000000001}, ""gain_hgb4_0|Device implant|corr_5_10"": {""cap"": 4.0, ""gamma"": 0.4}, ""gain_hgb4_0|Device revision-generator-upgrade|corr_0_5"": {""cap"": 4.0, ""gamma"": 0.9}, ""gain_hgb4_0|Diagnostic/testing|corr_0_5"": {""cap"": 4.0, ""gamma"": 0.0}, ""gain_hgb4_0|Other ablation|corr_0_5"": {""cap"": 4.0, ""gamma"": 1.8}, ""gain_hgb4_0|Other|corr_0_5"": {""cap"": 4.0, ""gamma"": 0.15000000000000002}, ""gain_hgb4_0|VT/PVC ablation|corr_0_5"": {""cap"": 6.0, ""gamma"": 2.5}, ""gain_hgb4_1|AF/PVI ablation|corr_0_5"": {""cap"": 6.0, ""gamma"": 1.2000000000000002}, ""gain_hgb4_1|Device implant|corr_0_5"": {""cap"": 4.0, ""gamma"": 1.6}, ""gain_hgb4_1|Device revision-generator-upgrade|corr_0_5"": {""cap"": 4.0, ""gamma"": 0.0}, ""gain_hgb4_1|Diagnostic/testing|corr_0_5"": {""cap"": 4.0, ""gamma"": 0.0}, ""gain_hgb4_1|Other ablation|corr_0_5"": {""cap"": 6.0, ""gamma"": 1.05}, ""gain_hgb4_1|VT/PVC ablation|corr_0_5"": {""cap"": 4.0, ""gamma"": 0.0}, ""gain_hgb4_2|AF/PVI ablation|corr_0_5"": {""cap"": 6.0, ""gamma"": 0.8500000000000001}, ""gain_hgb4_2|Device implant|corr_0_5"": {""cap"": 4.0, ""gamma"": 1.05}, ""gain_hgb4_2|Device revision-generator-upgrade|corr_0_5"": {""cap"": 4.0, ""gamma"": 1.5}, ""gain_hgb4_2|Diagnostic/testing|corr_0_5"": {""cap"": 4.0, ""gamma"": 2.5}, ""gain_hgb4_2|Other ablation|corr_0_5"": {""cap"": 4.0, ""gamma"": 0.0}, ""gain_hgb4_2|VT/PVC ablation|corr_0_5"": {""cap"": 4.0, ""gamma"": 0.25}, ""gain_hgb4_3|AF/PVI ablation|corr_0_5"": {""cap"": 6.0, ""gamma"": 0.35000000000000003}, ""gain_hgb4_3|AF/PVI ablation|corr_5_10"": {""cap"": 10.0, ""gamma"": 1.85}, ""gain_hgb4_3|Device implant|corr_0_5"": {""cap"": 4.0, ""gamma"": 0.55}, ""gain_hgb4_3|Device implant|corr_5_10"": {""cap"": 10.0, ""gamma"": 0.9}, ""gain_hgb4_3|Device revision-generator-upgrade|corr_0_5"": {""cap"": 4.0, ""gamma"": 1.55}, ""gain_hgb4_3|Other ablation|corr_0_5"": {""cap"": 4.0, ""gamma"": 1.9500000000000002}, ""gain_hgb4_3|Other ablation|corr_5_10"": {""cap"": 8.0, ""gamma"": 1.2000000000000002}, ""gain_hgb4_3|VT/PVC ablation|corr_0_5"": {""cap"": 6.0, ""gamma"": 2.5}}, ""prefix"": ""gain_hgb4"", ""score_full_oof_corr_target"": 0.06293653092058399, ""score_outer_corr_target"": 0.08225073862060059, ""selection"": ""strict nested score bins + outer GroupKFold category tuning""}"
gain_hgb6_x_family_x_corr_size_cap_gamma,32.8363340140485,32.796417788517424,31.841210508520643,31.77026365632957,-0.07094685219107393,0.30715040507220853,-0.16955672488393203,"{""edges"": [-8.501954421212696, -0.10530280627960992, 0.00880054793541582, 0.062228626889188246, 0.1641610557585274, 0.45216378051017503, 9.487355324210593], ""k"": 6, ""min_n"": 140, ""n_params"": 30, ""params"": {""__GLOBAL__"": {""cap"": 12.0, ""gamma"": 1.0}, ""gain_hgb6_0|AF/PVI ablation|corr_0_5"": {""cap"": 6.0, ""gamma"": 1.0}, ""gain_hgb6_0|Device implant|corr_0_5"": {""cap"": 4.0, ""gamma"": 1.05}, ""gain_hgb6_0|Device implant|corr_5_10"": {""cap"": 10.0, ""gamma"": 0.15000000000000002}, ""gain_hgb6_0|Device revision-generator-upgrade|corr_0_5"": {""cap"": 4.0, ""gamma"": 1.1}, ""gain_hgb6_0|Other ablation|corr_0_5"": {""cap"": 4.0, ""gamma"": 1.4000000000000001}, ""gain_hgb6_1|AF/PVI ablation|corr_0_5"": {""cap"": 4.0, ""gamma"": 1.7000000000000002}, ""gain_hgb6_1|Device implant|corr_0_5"": {""cap"": 4.0, ""gamma"": 0.0}, ""gain_hgb6_1|Device revision-generator-upgrade|corr_0_5"": {""cap"": 4.0, ""gamma"": 1.4500000000000002}, ""gain_hgb6_1|Diagnostic/testing|corr_0_5"": {""cap"": 4.0, ""gamma"": 0.0}, ""gain_hgb6_1|Other ablation|corr_0_5"": {""cap"": 6.0, ""gamma"": 1.3}, ""gain_hgb6_2|AF/PVI ablation|corr_0_5"": {""cap"": 6.0, ""gamma"": 1.0}, ""gain_hgb6_2|Device implant|corr_0_5"": {""cap"": 4.0, ""gamma"": 2.4000000000000004}, ""gain_hgb6_2|Device revision-generator-upgrade|corr_0_5"": {""cap"": 4.0, ""gamma"": 0.0}, ""gain_hgb6_2|Other ablation|corr_0_5"": {""cap"": 6.0, ""gamma"": 1.5}, ""gain_hgb6_3|AF/PVI ablation|corr_0_5"": {""cap"": 4.0, ""gamma"": 0.0}, ""gain_hgb6_3|Device implant|corr_0_5"": {""cap"": 4.0, ""gamma"": 1.1500000000000001}, ""gain_hgb6_3|Device revision-generator-upgrade|corr_0_5"": {""cap"": 6.0, ""gamma"": 1.7000000000000002}, ""gain_hgb6_3|Diagnostic/testing|corr_0_5"": {""cap"": 6.0, ""gamma"": 2.5}, ""gain_hgb6_3|Other ablation|corr_0_5"": {""cap"": 4.0, ""gamma"": 0.0}, ""gain_hgb6_4|AF/PVI ablation|corr_0_5"": {""cap"": 6.0, ""gamma"": 0.65}, ""gain_hgb6_4|Device implant|corr_0_5"": {""cap"": 6.0, ""gamma"": 1.25}, ""gain_hgb6_4|Device revision-generator-upgrade|corr_0_5"": {""cap"": 4.0, ""gamma"": 1.7000000000000002}, ""gain_hgb6_4|Other ablation|corr_0_5"": {""cap"": 6.0, ""gamma"": 1.9000000000000001}, ""gain_hgb6_5|AF/PVI ablation|corr_0_5"": {""cap"": 6.0, ""gamma"": 1.25}, ""gain_hgb6_5|AF/PVI ablation|corr_5_10"": {""cap"": 10.0, ""gamma"": 1.8}, ""gain_hgb6_5|Device implant|corr_0_5"": {""cap"": 4.0, ""gamma"": 0.0}, ""gain_hgb6_5|Device implant|corr_5_10"": {""cap"": 10.0, ""gamma"": 0.9}, ""gain_hgb6_5|Other ablation|corr_0_5"": {""cap"": 4.0, ""gamma"": 1.75}, ""gain_hgb6_5|Other ablation|corr_5_10"": {""cap"": 8.0, ""gamma"": 1.2000000000000002}}, ""prefix"": ""gain_hgb6"", ""score_full_oof_corr_target"": 0.06293653092058399, ""score_outer_corr_target"": 0.08225073862060059, ""selection"": ""strict nested score bins + outer GroupKFold category tuning""}"
signed_resid_hgb4_x_family_x_corr_size_cap_gamma,32.84186663304214,32.796417788517424,31.77071677210798,31.77026365632957,-0.00045311577840704463,0.31595632264882,-0.0468204162763338,"{""edges"": [-36.394729312286685, 0.7998021286356419, 3.379415645436214, 7.359010933569259, 126.66865975908695], ""k"": 4, ""min_n"": 140, ""n_params"": 23, ""params"": {""__GLOBAL__"": {""cap"": 12.0, ""gamma"": 1.0}, ""signed_resid_hgb4_0|AF/PVI ablation|corr_0_5"": {""cap"": 4.0, ""gamma"": 0.0}, ""signed_resid_hgb4_0|Device implant|corr_0_5"": {""cap"": 6.0, ""gamma"": 0.4}, ""signed_resid_hgb4_0|Device revision-generator-upgrade|corr_0_5"": {""cap"": 4.0, ""gamma"": 0.8500000000000001}, ""signed_resid_hgb4_0|Diagnostic/testing|corr_0_5"": {""cap"": 6.0, ""gamma"": 0.8}, ""signed_resid_hgb4_0|Other ablation|corr_0_5"": {""cap"": 4.0, ""gamma"": 0.55}, ""signed_resid_hgb4_0|Other|corr_0_5"": {""cap"": 4.0, ""gamma"": 0.1}, ""signed_resid_hgb4_0|VT/PVC ablation|corr_0_5"": {""cap"": 4.0, ""gamma"": 1.8}, ""signed_resid_hgb4_1|AF/PVI ablation|corr_0_5"": {""cap"": 4.0, ""gamma"": 0.0}, ""signed_resid_hgb4_1|Device implant|corr_0_5"": {""cap"": 4.0, ""gamma"": 0.75}, ""signed_resid_hgb4_1|Device revision-generator-upgrade|corr_0_5"": {""cap"": 6.0, ""gamma"": 1.25}, ""signed_resid_hgb4_1|Diagnostic/testing|corr_0_5"": {""cap"": 6.0, ""gamma"": 0.15000000000000002}, ""signed_resid_hgb4_1|Other ablation|corr_0_5"": {""cap"": 6.0, ""gamma"": 1.6}, ""signed_resid_hgb4_2|AF/PVI ablation|corr_0_5"": {""cap"": 6.0, ""gamma"": 1.5}, ""signed_resid_hgb4_2|Device implant|corr_0_5"": {""cap"": 4.0, ""gamma"": 1.6}, ""signed_resid_hgb4_2|Device implant|corr_5_10"": {""cap"": 6.0, ""gamma"": 0.7000000000000001}, ""signed_resid_hgb4_2|Device revision-generator-upgrade|corr_0_5"": {""cap"": 4.0, ""gamma"": 0.8500000000000001}, ""signed_resid_hgb4_2|Other ablation|corr_0_5"": {""cap"": 6.0, ""gamma"": 0.1}, ""signed_resid_hgb4_3|AF/PVI ablation|corr_0_5"": {""cap"": 6.0, ""gamma"": 1.85}, ""signed_resid_hgb4_3|Device implant|corr_0_5"": {""cap"": 4.0, ""gamma"": 0.8500000000000001}, ""signed_resid_hgb4_3|Device revision-generator-upgrade|corr_0_5"": {""cap"": 4.0, ""gamma"": 1.55}, ""signed_resid_hgb4_3|Other ablation|corr_0_5"": {""cap"": 4.0, ""gamma"": 2.5}, ""signed_resid_hgb4_3|VT/PVC ablation|corr_0_5"": {""cap"": 6.0, ""gamma"": 2.5}}, ""prefix"": ""signed_resid_hgb4"", ""score_full_oof_corr_target"": 0.11299593581566095, ""score_outer_corr_target"": 0.07925917720932729, ""selection"": ""strict nested score bins + outer GroupKFold category tuning""}"
risk_abs_et6_x_family_x_corr_size_cap_gamma,32.84363944185357,32.796417788517424,31.844278556038383,31.77026365632957,-0.07401489970881611,0.3134906657273688,-0.06870803013773227,"{""edges"": [6.352691899063436, 16.29185006087858, 22.85768478506506, 29.41380409940564, 37.15001002094019, 48.664173716480725, 114.33610381994642], ""k"": 6, ""min_n"": 140, ""n_params"": 24, ""params"": {""__GLOBAL__"": {""cap"": 12.0, ""gamma"": 1.0}, ""risk_abs_et6_0|Device implant|corr_0_5"": {""cap"": 4.0, ""gamma"": 0.1}, ""risk_abs_et6_0|Device revision-generator-upgrade|corr_0_5"": {""cap"": 4.0, ""gamma"": 1.4000000000000001}, ""risk_abs_et6_0|Diagnostic/testing|corr_0_5"": {""cap"": 4.0, ""gamma"": 0.1}, ""risk_abs_et6_0|Other ablation|corr_0_5"": {""cap"": 4.0, ""gamma"": 0.6000000000000001}, ""risk_abs_et6_0|Other|corr_0_5"": {""cap"": 6.0, ""gamma"": 0.25}, ""risk_abs_et6_1|AF/PVI ablation|corr_0_5"": {""cap"": 6.0, ""gamma"": 0.35000000000000003}, ""risk_abs_et6_1|Device implant|corr_0_5"": {""cap"": 6.0, ""gamma"": 2.35}, ""risk_abs_et6_1|Device revision-generator-upgrade|corr_0_5"": {""cap"": 4.0, ""gamma"": 0.4}, ""risk_abs_et6_1|Diagnostic/testing|corr_0_5"": {""cap"": 4.0, ""gamma"": 0.6000000000000001}, ""risk_abs_et6_2|AF/PVI ablation|corr_0_5"": {""cap"": 6.0, ""gamma"": 2.1}, ""risk_abs_et6_2|Device implant|corr_0_5"": {""cap"": 6.0, ""gamma"": 0.4}, ""risk_abs_et6_2|Device revision-generator-upgrade|corr_0_5"": {""cap"": 4.0, ""gamma"": 1.25}, ""risk_abs_et6_3|AF/PVI ablation|corr_0_5"": {""cap"": 4.0, ""gamma"": 0.0}, ""risk_abs_et6_3|Device implant|corr_0_5"": {""cap"": 4.0, ""gamma"": 0.25}, ""risk_abs_et6_3|Other ablation|corr_0_5"": {""cap"": 4.0, ""gamma"": 1.75}, ""risk_abs_et6_4|AF/PVI ablation|corr_0_5"": {""cap"": 6.0, ""gamma"": 2.15}, ""risk_abs_et6_4|Device implant|corr_0_5"": {""cap"": 6.0, ""gamma"": 1.6}, ""risk_abs_et6_4|Device revision-generator-upgrade|corr_0_5"": {""cap"": 4.0, ""gamma"": 0.8}, ""risk_abs_et6_4|Other ablation|corr_0_5"": {""cap"": 4.0, ""gamma"": 2.15}, ""risk_abs_et6_4|VT/PVC ablation|corr_0_5"": {""cap"": 4.0, ""gamma"": 2.5}, ""risk_abs_et6_5|AF/PVI ablation|corr_0_5"": {""cap"": 6.0, ""gamma"": 1.4000000000000001}, ""risk_abs_et6_5|Other ablation|corr_0_5"": {""cap"": 4.0, ""gamma"": 2.5}, ""risk_abs_et6_5|VT/PVC ablation|corr_0_5"": {""cap"": 6.0, ""gamma"": 2.5}}, ""prefix"": ""risk_abs_et6"", ""score_full_oof_corr_target"": 0.4501747027581791, ""score_outer_corr_target"": 0.45693597204381015, ""selection"": ""strict nested score bins + outer GroupKFold category tuning""}"
risk_abs_hgb4_x_family_x_corr_size_cap_gamma,32.84850952047811,32.796417788517424,31.797336018253187,31.77026365632957,-0.027072361923618306,0.3134906657273688,-0.031239257201905898,"{""edges"": [1.9783292451431858, 15.937164693472493, 22.208835826768734, 32.97542825616486, 83.5493438276934], ""k"": 4, ""min_n"": 140, ""n_params"": 19, ""params"": {""__GLOBAL__"": {""cap"": 12.0, ""gamma"": 1.0}, ""risk_abs_hgb4_0|Device implant|corr_0_5"": {""cap"": 4.0, ""gamma"": 0.6000000000000001}, ""risk_abs_hgb4_0|Device revision-generator-upgrade|corr_0_5"": {""cap"": 4.0, ""gamma"": 1.4000000000000001}, ""risk_abs_hgb4_0|Diagnostic/testing|corr_0_5"": {""cap"": 4.0, ""gamma"": 0.4}, ""risk_abs_hgb4_0|Other ablation|corr_0_5"": {""cap"": 4.0, ""gamma"": 0.8500000000000001}, ""risk_abs_hgb4_0|Other|corr_0_5"": {""cap"": 4.0, ""gamma"": 0.5}, ""risk_abs_hgb4_1|AF/PVI ablation|corr_0_5"": {""cap"": 6.0, ""gamma"": 0.9500000000000001}, ""risk_abs_hgb4_1|Device implant|corr_0_5"": {""cap"": 4.0, ""gamma"": 1.3}, ""risk_abs_hgb4_1|Device implant|corr_5_10"": {""cap"": 6.0, ""gamma"": 0.9}, ""risk_abs_hgb4_1|Device revision-generator-upgrade|corr_0_5"": {""cap"": 4.0, ""gamma"": 0.8}, ""risk_abs_hgb4_2|AF/PVI ablation|corr_0_5"": {""cap"": 6.0, ""gamma"": 1.0}, ""risk_abs_hgb4_2|Device implant|corr_0_5"": {""cap"": 6.0, ""gamma"": 0.8500000000000001}, ""risk_abs_hgb4_2|Device revision-generator-upgrade|corr_0_5"": {""cap"": 4.0, ""gamma"": 2.1}, ""risk_abs_hgb4_2|Diagnostic/testing|corr_0_5"": {""cap"": 6.0, ""gamma"": 0.55}, ""risk_abs_hgb4_2|Other ablation|corr_0_5"": {""cap"": 4.0, ""gamma"": 0.75}, ""risk_abs_hgb4_2|VT/PVC ablation|corr_0_5"": {""cap"": 6.0, ""gamma"": 1.8}, ""risk_abs_hgb4_3|AF/PVI ablation|corr_0_5"": {""cap"": 6.0, ""gamma"": 1.4000000000000001}, ""risk_abs_hgb4_3|Other ablation|corr_0_5"": {""cap"": 4.0, ""gamma"": 2.5}, ""risk_abs_hgb4_3|VT/PVC ablation|corr_0_5"": {""cap"": 6.0, ""gamma"": 2.5}}, ""prefix"": ""risk_abs_hgb4"", ""score_full_oof_corr_target"": 0.4422417614982156, ""score_outer_corr_target"": 0.45189037198309095, ""selection"": ""strict nested score bins + outer GroupKFold category tuning""}"
risk_abs_et3_x_family_x_corr_size_cap_gamma,32.87086508715597,32.796417788517424,31.689010854398436,31.77026365632957,0.08125280193113693,0.4251497005988024,-0.5124678533782314,"{""edges"": [6.352691899063436, 22.85768478506506, 37.15001002094019, 114.33610381994642], ""k"": 3, ""min_n"": 140, ""n_params"": 24, ""params"": {""__GLOBAL__"": {""cap"": 12.0, ""gamma"": 1.0}, ""risk_abs_et3_0|AF/PVI ablation|corr_0_5"": {""cap"": 6.0, ""gamma"": 0.25}, ""risk_abs_et3_0|Device implant|corr_0_5"": {""cap"": 4.0, ""gamma"": 1.35}, ""risk_abs_et3_0|Device implant|corr_5_10"": {""cap"": 10.0, ""gamma"": 0.30000000000000004}, ""risk_abs_et3_0|Device revision-generator-upgrade|corr_0_5"": {""cap"": 4.0, ""gamma"": 1.05}, ""risk_abs_et3_0|Diagnostic/testing|corr_0_5"": {""cap"": 4.0, ""gamma"": 0.25}, ""risk_abs_et3_0|Other ablation|corr_0_5"": {""cap"": 4.0, ""gamma"": 0.9500000000000001}, ""risk_abs_et3_0|Other|corr_0_5"": {""cap"": 4.0, ""gamma"": 0.35000000000000003}, ""risk_abs_et3_1|AF/PVI ablation|corr_0_5"": {""cap"": 6.0, ""gamma"": 0.8500000000000001}, ""risk_abs_et3_1|AF/PVI ablation|corr_5_10"": {""cap"": 8.0, ""gamma"": 2.2}, ""risk_abs_et3_1|Device implant|corr_0_5"": {""cap"": 4.0, ""gamma"": 0.4}, ""risk_abs_et3_1|Device implant|corr_5_10"": {""cap"": 4.0, ""gamma"": 1.05}, ""risk_abs_et3_1|Device revision-generator-upgrade|corr_0_5"": {""cap"": 4.0, ""gamma"": 2.1}, ""risk_abs_et3_1|Diagnostic/testing|corr_0_5"": {""cap"": 4.0, ""gamma"": 0.0}, ""risk_abs_et3_1|Other ablation|corr_0_5"": {""cap"": 4.0, ""gamma"": 0.5}, ""risk_abs_et3_2|AF/PVI ablation|corr_0_5"": {""cap"": 6.0, ""gamma"": 1.9000000000000001}, ""risk_abs_et3_2|AF/PVI ablation|corr_5_10"": {""cap"": 10.0, ""gamma"": 2.5}, ""risk_abs_et3_2|Device implant|corr_0_5"": {""cap"": 6.0, ""gamma"": 0.8500000000000001}, ""risk_abs_et3_2|Device revision-generator-upgrade|corr_0_5"": {""cap"": 4.0, ""gamma"": 0.15000000000000002}, ""risk_abs_et3_2|Lead/device extraction-removal|corr_0_5"": {""cap"": 4.0, ""gamma"": 2.5}, ""risk_abs_et3_2|Other ablation|corr_0_5"": {""cap"": 4.0, ""gamma"": 2.5}, ""risk_abs_et3_2|Other ablation|corr_5_10"": {""cap"": 6.0, ""gamma"": 1.2000000000000002}, ""risk_abs_et3_2|VT/PVC ablation|corr_0_5"": {""cap"": 6.0, ""gamma"": 2.5}, ""risk_abs_et3_2|VT/PVC ablation|corr_5_10"": {""cap"": 10.0, ""gamma"": 2.5}}, ""prefix"": ""risk_abs_et3"", ""score_full_oof_corr_target"": 0.4501747027581791, ""score_outer_corr_target"": 0.45693597204381015, ""selection"": ""strict nested score bins + outer GroupKFold category tuning""}"
positive_linear_stack_selected_gates,33.03098819730664,32.796417788517424,32.262702241904556,31.77026365632957,-0.49243858557499093,0.4751673124339556,5.219038310143158,"{""coef"": [0.0, 0.0, 0.3107126353063629, 0.4186368324091589, 0.023829580776203316, 0.0, 0.30446298742326927], ""columns"": [""final"", ""procedure_family_gamma_positive"", ""family_cap_gamma"", ""risk_abs_et4_x_family_cap_gamma"", ""risk_abs_et6_x_family_cap_gamma"", ""tail30_hgb6_x_family_cap_gamma"", ""signed_resid_hgb6_x_family_cap_gamma""], ""intercept"": -4.27054629756708, ""selection"": ""positive linear stack on OOF predictions""}"
